"availability","description","features","brand","name","id","price","categories__001","categories__002","categories__003","categories__004","categories__005","image","images__001","images__002","images__003","images__004","images__005","images__006"
"10 dni","Producent: Lutec  \nNazwa: QUBO  \nSymbol: 7193002118  \nParametry\n\n  * średnica (mm): \n  * wysokość (mm): 750\n  * szerokość (mm): 110\n  * głębokość (mm): 93\n  * ilość źródeł / rodzaj trzonka: 1 x LED zintegr. 16W 1000lm 27006500K\n  * max moc źródła: 16 W\n  * napięcie: 230\n  * źródło w zestawie: LED zintegr.\n  * kolor lampy: Antracyt\n  * materiał: aluminium/tworzywo\n  * IP: 54","Specyficzne kody","Lutec","QUBO STOJĄCA","8730","541.2","Strona główna","Oświetlenie","Lampy zewnętrzne","Stojące zewnętrzne","QUBO STOJĄCA","https://jasniej.com/19423-large_01resp/qubo-stojaca.jpg","https://jasniej.com/19423-medium_01resp/qubo-stojaca.jpg","https://jasniej.com/19424-medium_01resp/qubo-stojaca.jpg","https://jasniej.com/19425-medium_01resp/qubo-stojaca.jpg","","",""
"10 dni","Producent: Lutec  \nNazwa: QUBO  \nSymbol: 7193001118  \nParametry\n\n  * średnica (mm): \n  * wysokość (mm): 750\n  * szerokość (mm): 92\n  * głębokość (mm): 110\n  * ilość źródeł / rodzaj trzonka: 1 x LED zintegr. 18W 1100lm 3000K\n  * max moc źródła: 18 W\n  * napięcie: 230\n  * źródło w zestawie: LED zintegr.\n  * kolor lampy: Antracyt\n  * materiał: aluminium/tworzywo\n  * IP: 54","Specyficzne kody","Lutec","QUBO STOJĄCA","8729","316.11","Strona główna","Oświetlenie","Lampy zewnętrzne","Stojące zewnętrzne","QUBO STOJĄCA","https://jasniej.com/19420-large_01resp/qubo-stojaca.jpg","https://jasniej.com/19420-medium_01resp/qubo-stojaca.jpg","https://jasniej.com/19421-medium_01resp/qubo-stojaca.jpg","https://jasniej.com/19422-medium_01resp/qubo-stojaca.jpg","","",""
"10 dni","Producent: Lutec  \nNazwa: SOLSTEL - CZUJNIK RUCHU  \nSymbol: 6907903001  \nParametry\n\n  * średnica (mm): \n  * wysokość (mm): 450\n  * szerokość (mm): 70\n  * głębokość (mm): 122\n  * ilość źródeł / rodzaj trzonka: 1 x LED zintegr. 2W 150lm 4000K\n  * max moc źródła: 2 W\n  * napięcie: 0\n  * źródło w zestawie: LED zintegr.\n  * kolor lampy: Stalowy\n  * materiał: stal nierdzewna/tworzywo\n  * IP: 44","Specyficzne kody","Lutec","SOLSTEL - CZUJNIK RUCHU STOJĄCA","8849","270.6","Strona główna","Oświetlenie","Lampy zewnętrzne","Stojące zewnętrzne","SOLSTEL - CZUJNIK RUCHU STOJĄCA","https://jasniej.com/19780-large_01resp/solstel-czujnik-ruchu-stojaca.jpg","https://jasniej.com/19780-medium_01resp/solstel-czujnik-ruchu-stojaca.jpg","https://jasniej.com/19781-medium_01resp/solstel-czujnik-ruchu-stojaca.jpg","https://jasniej.com/19782-medium_01resp/solstel-czujnik-ruchu-stojaca.jpg","","",""
"10 dni","Producent: Lutec  \nNazwa: LONDON  \nSymbol: 6951301189  \nParametry\n\n  * średnica (mm): \n  * wysokość (mm): 227\n  * szerokość (mm): 310\n  * głębokość (mm): 310\n  * ilość źródeł / rodzaj trzonka: 3 x E12 6W 300lm 2700K\n  * max moc źródła: 6 W\n  * napięcie: 0\n  * źródło w zestawie: E12\n  * kolor lampy: Brązowy\n  * materiał: aluminium/szkło\n  * IP: 44","Specyficzne kody","Lutec","LONDON STOJĄCA","8856","811.8","Strona główna","Oświetlenie","Lampy zewnętrzne","Stojące zewnętrzne","LONDON STOJĄCA","https://jasniej.com/19801-large_01resp/london-stojaca.jpg","https://jasniej.com/19801-medium_01resp/london-stojaca.jpg","https://jasniej.com/19802-medium_01resp/london-stojaca.jpg","https://jasniej.com/19803-medium_01resp/london-stojaca.jpg","","",""
"10 dni","Producent: Lutec  \nNazwa: LONDON  \nSymbol: 9700359330  \nParametry\n\n  * średnica (mm): \n  * wysokość (mm): 449\n  * szerokość (mm): 280\n  * głębokość (mm): 280\n  * ilość źródeł / rodzaj trzonka: nie dotyczy\n  * max moc źródła: 0 W\n  * napięcie: 0\n  * źródło w zestawie: brak\n  * kolor lampy: Czarny\n  * materiał: tworzywo\n  * IP: 0","Specyficzne kody","Lutec","LONDON STOJĄCA","8855","180.81","Strona główna","Oświetlenie","Lampy zewnętrzne","Stojące zewnętrzne","LONDON STOJĄCA","https://jasniej.com/19798-large_01resp/london-stojaca.jpg","https://jasniej.com/19798-medium_01resp/london-stojaca.jpg","https://jasniej.com/19799-medium_01resp/london-stojaca.jpg","https://jasniej.com/19800-medium_01resp/london-stojaca.jpg","","",""
"10 dni","Producent: Lutec  \nNazwa: CUBA  \nSymbol: 7193801118  \nParametry\n\n  * średnica (mm): \n  * wysokość (mm): 750\n  * szerokość (mm): 237\n  * głębokość (mm): 110\n  * ilość źródeł / rodzaj trzonka: 1 x LED zintegr. 23W 1000lm 3000K\n  * max moc źródła: 23 W\n  * napięcie: 230\n  * źródło w zestawie: LED zintegr.\n  * kolor lampy: Antracyt\n  * materiał: aluminium/tworzywo\n  * IP: 54","Specyficzne kody","Lutec","CUBA STOJĄCA","8714","495.69","Strona główna","Oświetlenie","Lampy zewnętrzne","Stojące zewnętrzne","CUBA STOJĄCA","https://jasniej.com/19375-large_01resp/cuba-stojaca.jpg","https://jasniej.com/19375-medium_01resp/cuba-stojaca.jpg","https://jasniej.com/19376-medium_01resp/cuba-stojaca.jpg","https://jasniej.com/19377-medium_01resp/cuba-stojaca.jpg","","",""
"10 dni","Producent: Lutec  \nNazwa: DISO  \nSymbol: 6906703335  \nParametry\n\n  * średnica (mm): \n  * wysokość (mm): 145\n  * szerokość (mm): 175\n  * głębokość (mm): 160\n  * ilość źródeł / rodzaj trzonka: 1 x LED zintegr. 2W 200lm 4000K\n  * max moc źródła: 2 W\n  * napięcie: 0\n  * źródło w zestawie: LED zintegr.\n  * kolor lampy: Szary\n  * materiał: tworzywo/tworzywo\n  * IP: 44","Specyficzne kody","Lutec","DISO STOJĄCA","8847","226.32","Strona główna","Oświetlenie","Lampy zewnętrzne","Stojące zewnętrzne","DISO STOJĄCA","https://jasniej.com/19774-large_01resp/diso-stojaca.jpg","https://jasniej.com/19774-medium_01resp/diso-stojaca.jpg","https://jasniej.com/19775-medium_01resp/diso-stojaca.jpg","https://jasniej.com/19776-medium_01resp/diso-stojaca.jpg","","",""
"10 dni","Producent: Lutec  \nNazwa: EXPLORER  \nSymbol: 6609205118  \nParametry\n\n  * średnica (mm): \n  * wysokość (mm): 430\n  * szerokość (mm): 90\n  * głębokość (mm): 91\n  * ilość źródeł / rodzaj trzonka: 1 x LED zintegr. 7W 430lm 27006500K\n  * max moc źródła: 7 W\n  * napięcie: 230\n  * źródło w zestawie: LED zintegr.\n  * kolor lampy: Antracyt\n  * materiał: aluminium/tworzywo\n  * IP: 54","Specyficzne kody","Lutec","EXPLORER STOJĄCA","8722","270.6","Strona główna","Oświetlenie","Lampy zewnętrzne","Stojące zewnętrzne","EXPLORER STOJĄCA","https://jasniej.com/19399-large_01resp/explorer-stojaca.jpg","https://jasniej.com/19399-medium_01resp/explorer-stojaca.jpg","https://jasniej.com/19400-medium_01resp/explorer-stojaca.jpg","https://jasniej.com/19401-medium_01resp/explorer-stojaca.jpg","","",""
"10 dni","Producent: Lutec  \nNazwa: DRAGONFLY  \nSymbol: 6904101337  \nParametry\n\n  * średnica (mm): \n  * wysokość (mm): 281\n  * szerokość (mm): 102\n  * głębokość (mm): 102\n  * ilość źródeł / rodzaj trzonka: 1 x LED zintegr. 1W 120lm 4000K\n  * max moc źródła: 1 W\n  * napięcie: 0\n  * źródło w zestawie: LED zintegr.\n  * kolor lampy: Srebrnoszary\n  * materiał: tworzywo/tworzywo\n  * IP: 54","Specyficzne kody","Lutec","DRAGONFLY STOJĄCA","8838","180.81","Strona główna","Oświetlenie","Lampy zewnętrzne","Stojące zewnętrzne","DRAGONFLY STOJĄCA","https://jasniej.com/19747-large_01resp/dragonfly-stojaca.jpg","https://jasniej.com/19747-medium_01resp/dragonfly-stojaca.jpg","https://jasniej.com/19748-medium_01resp/dragonfly-stojaca.jpg","https://jasniej.com/19749-medium_01resp/dragonfly-stojaca.jpg","","",""
"10 dni","Producent: Lutec  \nNazwa: DRAGONFLY  \nSymbol: 6904101331  \nParametry\n\n  * średnica (mm): \n  * wysokość (mm): 281\n  * szerokość (mm): 102\n  * głębokość (mm): 102\n  * ilość źródeł / rodzaj trzonka: 1 x LED zintegr. 1W 120lm 4000K\n  * max moc źródła: 1 W\n  * napięcie: 0\n  * źródło w zestawie: LED zintegr.\n  * kolor lampy: Biały\n  * materiał: tworzywo/tworzywo\n  * IP: 54","Specyficzne kody","Lutec","DRAGONFLY STOJĄCA","8837","180.81","Strona główna","Oświetlenie","Lampy zewnętrzne","Stojące zewnętrzne","DRAGONFLY STOJĄCA","https://jasniej.com/19744-large_01resp/dragonfly-stojaca.jpg","https://jasniej.com/19744-medium_01resp/dragonfly-stojaca.jpg","https://jasniej.com/19745-medium_01resp/dragonfly-stojaca.jpg","https://jasniej.com/19746-medium_01resp/dragonfly-stojaca.jpg","","",""
"10 dni","Producent: Lutec  \nNazwa: DRAGONFLY  \nSymbol: 6904101339  \nParametry\n\n  * średnica (mm): \n  * wysokość (mm): 281\n  * szerokość (mm): 102\n  * głębokość (mm): 102\n  * ilość źródeł / rodzaj trzonka: 1 x LED zintegr. 1W 120lm 4000K\n  * max moc źródła: 1 W\n  * napięcie: 0\n  * źródło w zestawie: LED zintegr.\n  * kolor lampy: Zielony\n  * materiał: tworzywo/tworzywo\n  * IP: 54","Specyficzne kody","Lutec","DRAGONFLY STOJĄCA","8836","180.81","Strona główna","Oświetlenie","Lampy zewnętrzne","Stojące zewnętrzne","DRAGONFLY STOJĄCA","https://jasniej.com/19741-large_01resp/dragonfly-stojaca.jpg","https://jasniej.com/19741-medium_01resp/dragonfly-stojaca.jpg","https://jasniej.com/19742-medium_01resp/dragonfly-stojaca.jpg","https://jasniej.com/19743-medium_01resp/dragonfly-stojaca.jpg","","",""
"10 dni","Producent: Lutec  \nNazwa: DRAGONFLY  \nSymbol: 6904101340  \nParametry\n\n  * średnica (mm): \n  * wysokość (mm): 281\n  * szerokość (mm): 102\n  * głębokość (mm): 102\n  * ilość źródeł / rodzaj trzonka: 1 x LED zintegr. 1W 120lm 4000K\n  * max moc źródła: 1 W\n  * napięcie: 0\n  * źródło w zestawie: LED zintegr.\n  * kolor lampy: Pomarańczowy\n  * materiał: tworzywo/tworzywo\n  * IP: 54","Specyficzne kody","Lutec","DRAGONFLY STOJĄCA","8835","158.67","Strona główna","Oświetlenie","Lampy zewnętrzne","Stojące zewnętrzne","DRAGONFLY STOJĄCA","https://jasniej.com/19738-large_01resp/dragonfly-stojaca.jpg","https://jasniej.com/19738-medium_01resp/dragonfly-stojaca.jpg","https://jasniej.com/19739-medium_01resp/dragonfly-stojaca.jpg","https://jasniej.com/19740-medium_01resp/dragonfly-stojaca.jpg","","",""
"10 dni","Producent: Lutec  \nNazwa: PADLIGHT  \nSymbol: 6907701339  \nParametry\n\n  * średnica (mm): \n  * wysokość (mm): 180\n  * szerokość (mm): 24\n  * głębokość (mm): 141\n  * ilość źródeł / rodzaj trzonka: 1 x LED zintegr. 2W 200lm 4000K\n  * max moc źródła: 2 W\n  * napięcie: 0\n  * źródło w zestawie: LED zintegr.\n  * kolor lampy: Zielony\n  * materiał: tworzywo/tworzywo\n  * IP: 44","Specyficzne kody","Lutec","PADLIGHT STOJĄCA","8833","180.81","Strona główna","Oświetlenie","Lampy zewnętrzne","Stojące zewnętrzne","PADLIGHT STOJĄCA","https://jasniej.com/19732-large_01resp/padlight-stojaca.jpg","https://jasniej.com/19732-medium_01resp/padlight-stojaca.jpg","https://jasniej.com/19733-medium_01resp/padlight-stojaca.jpg","https://jasniej.com/19734-medium_01resp/padlight-stojaca.jpg","","",""
"10 dni","Producent: Lutec  \nNazwa: PADLIGHT  \nSymbol: 6907701331  \nParametry\n\n  * średnica (mm): \n  * wysokość (mm): 180\n  * szerokość (mm): 24\n  * głębokość (mm): 141\n  * ilość źródeł / rodzaj trzonka: 1 x LED zintegr. 2W 200lm 4000K\n  * max moc źródła: 2 W\n  * napięcie: 0\n  * źródło w zestawie: LED zintegr.\n  * kolor lampy: Biały\n  * materiał: tworzywo/tworzywo\n  * IP: 44","Specyficzne kody","Lutec","PADLIGHT STOJĄCA","8834","180.81","Strona główna","Oświetlenie","Lampy zewnętrzne","Stojące zewnętrzne","PADLIGHT STOJĄCA","https://jasniej.com/19735-large_01resp/padlight-stojaca.jpg","https://jasniej.com/19735-medium_01resp/padlight-stojaca.jpg","https://jasniej.com/19736-medium_01resp/padlight-stojaca.jpg","https://jasniej.com/19737-medium_01resp/padlight-stojaca.jpg","","",""
"10 dni","Producent: Lutec  \nNazwa: PADLIGHT  \nSymbol: 6907701340  \nParametry\n\n  * średnica (mm): \n  * wysokość (mm): 180\n  * szerokość (mm): 24\n  * głębokość (mm): 141\n  * ilość źródeł / rodzaj trzonka: 1 x LED zintegr. 2W 200lm 4000K\n  * max moc źródła: 2 W\n  * napięcie: 0\n  * źródło w zestawie: LED zintegr.\n  * kolor lampy: Pomarańczowy\n  * materiał: tworzywo/tworzywo\n  * IP: 44","Specyficzne kody","Lutec","PADLIGHT STOJĄCA","8832","180.81","Strona główna","Oświetlenie","Lampy zewnętrzne","Stojące zewnętrzne","PADLIGHT STOJĄCA","https://jasniej.com/19729-large_01resp/padlight-stojaca.jpg","https://jasniej.com/19729-medium_01resp/padlight-stojaca.jpg","https://jasniej.com/19730-medium_01resp/padlight-stojaca.jpg","https://jasniej.com/19731-medium_01resp/padlight-stojaca.jpg","","",""
"10 dni","Producent: Lutec  \nNazwa: TABLE CUBE  \nSymbol: 6908002337  \nParametry\n\n  * średnica (mm): \n  * wysokość (mm): 450\n  * szerokość (mm): 120\n  * głębokość (mm): 120\n  * ilość źródeł / rodzaj trzonka: 1 x LED zintegr. 1W 100lm 3000K\n  * max moc źródła: 1 W\n  * napięcie: 0\n  * źródło w zestawie: LED zintegr.\n  * kolor lampy: Srebrnoszary\n  * materiał: tworzywo/tworzywo\n  * IP: 44","Specyficzne kody","Lutec","TABLE CUBE STOJĄCA","8831","158.67","Strona główna","Oświetlenie","Lampy zewnętrzne","Stojące zewnętrzne","TABLE CUBE STOJĄCA","https://jasniej.com/19726-large_01resp/table-cube-stojaca.jpg","https://jasniej.com/19726-medium_01resp/table-cube-stojaca.jpg","https://jasniej.com/19727-medium_01resp/table-cube-stojaca.jpg","https://jasniej.com/19728-medium_01resp/table-cube-stojaca.jpg","","",""
"10 dni","Producent: Lutec  \nNazwa: TABLE CUBE  \nSymbol: 6908001337  \nParametry\n\n  * średnica (mm): \n  * wysokość (mm): 133\n  * szerokość (mm): 120\n  * głębokość (mm): 120\n  * ilość źródeł / rodzaj trzonka: 1 x LED zintegr. 1W 100lm 3000K\n  * max moc źródła: 1 W\n  * napięcie: 0\n  * źródło w zestawie: LED zintegr.\n  * kolor lampy: Srebrnoszary\n  * materiał: tworzywo/tworzywo\n  * IP: 44","Specyficzne kody","Lutec","TABLE CUBE STOJĄCA","8829","103.32","Strona główna","Oświetlenie","Lampy zewnętrzne","Stojące zewnętrzne","TABLE CUBE STOJĄCA","https://jasniej.com/19720-large_01resp/table-cube-stojaca.jpg","https://jasniej.com/19720-medium_01resp/table-cube-stojaca.jpg","https://jasniej.com/19721-medium_01resp/table-cube-stojaca.jpg","https://jasniej.com/19722-medium_01resp/table-cube-stojaca.jpg","","",""
"10 dni","Producent: Lutec  \nNazwa: TABLE CUBE  \nSymbol: 6908001331  \nParametry\n\n  * średnica (mm): \n  * wysokość (mm): 133\n  * szerokość (mm): 120\n  * głębokość (mm): 120\n  * ilość źródeł / rodzaj trzonka: 1 x LED zintegr. 1W 100lm 3000K\n  * max moc źródła: 1 W\n  * napięcie: 0\n  * źródło w zestawie: LED zintegr.\n  * kolor lampy: Biały\n  * materiał: tworzywo/tworzywo\n  * IP: 44","Specyficzne kody","Lutec","TABLE CUBE STOJĄCA","8828","103.32","Strona główna","Oświetlenie","Lampy zewnętrzne","Stojące zewnętrzne","TABLE CUBE STOJĄCA","https://jasniej.com/19717-large_01resp/table-cube-stojaca.jpg","https://jasniej.com/19717-medium_01resp/table-cube-stojaca.jpg","https://jasniej.com/19718-medium_01resp/table-cube-stojaca.jpg","https://jasniej.com/19719-medium_01resp/table-cube-stojaca.jpg","","",""
"10 dni","Producent: Lutec  \nNazwa: TABLE CUBE  \nSymbol: 6908003331  \nParametry\n\n  * średnica (mm): \n  * wysokość (mm): 133\n  * szerokość (mm): 120\n  * głębokość (mm): 120\n  * ilość źródeł / rodzaj trzonka: 1 x LED zintegr. 1W 100lm 0K\n  * max moc źródła: 1 W\n  * napięcie: 0\n  * źródło w zestawie: LED zintegr.\n  * kolor lampy: Biały\n  * materiał: tworzywo/tworzywo\n  * IP: 44","Specyficzne kody","Lutec","TABLE CUBE STOJĄCA","8830","114.39","Strona główna","Oświetlenie","Lampy zewnętrzne","Stojące zewnętrzne","TABLE CUBE STOJĄCA","https://jasniej.com/19723-large_01resp/table-cube-stojaca.jpg","https://jasniej.com/19723-medium_01resp/table-cube-stojaca.jpg","https://jasniej.com/19724-medium_01resp/table-cube-stojaca.jpg","https://jasniej.com/19725-medium_01resp/table-cube-stojaca.jpg","","",""
"10 dni","Producent: Lutec  \nNazwa: TABLE CUBE  \nSymbol: 6908001339  \nParametry\n\n  * średnica (mm): \n  * wysokość (mm): 133\n  * szerokość (mm): 120\n  * głębokość (mm): 120\n  * ilość źródeł / rodzaj trzonka: 1 x LED zintegr. 1W 100lm 3000K\n  * max moc źródła: 1 W\n  * napięcie: 0\n  * źródło w zestawie: LED zintegr.\n  * kolor lampy: Zielony\n  * materiał: tworzywo/tworzywo\n  * IP: 44","Specyficzne kody","Lutec","TABLE CUBE STOJĄCA","8827","103.32","Strona główna","Oświetlenie","Lampy zewnętrzne","Stojące zewnętrzne","TABLE CUBE STOJĄCA","https://jasniej.com/19714-large_01resp/table-cube-stojaca.jpg","https://jasniej.com/19714-medium_01resp/table-cube-stojaca.jpg","https://jasniej.com/19715-medium_01resp/table-cube-stojaca.jpg","https://jasniej.com/19716-medium_01resp/table-cube-stojaca.jpg","","",""
"10 dni","Producent: Lutec  \nNazwa: TABLE CUBE  \nSymbol: 6908001340  \nParametry\n\n  * średnica (mm): \n  * wysokość (mm): 133\n  * szerokość (mm): 120\n  * głębokość (mm): 120\n  * ilość źródeł / rodzaj trzonka: 1 x LED zintegr. 1W 100lm 3000K\n  * max moc źródła: 1 W\n  * napięcie: 0\n  * źródło w zestawie: LED zintegr.\n  * kolor lampy: Pomarańczowy\n  * materiał: tworzywo/tworzywo\n  * IP: 44","Specyficzne kody","Lutec","TABLE CUBE STOJĄCA","8826","103.32","Strona główna","Oświetlenie","Lampy zewnętrzne","Stojące zewnętrzne","TABLE CUBE STOJĄCA","https://jasniej.com/19711-large_01resp/table-cube-stojaca.jpg","https://jasniej.com/19711-medium_01resp/table-cube-stojaca.jpg","https://jasniej.com/19712-medium_01resp/table-cube-stojaca.jpg","https://jasniej.com/19713-medium_01resp/table-cube-stojaca.jpg","","",""
"10 dni","Producent: Lutec  \nNazwa: POPPY  \nSymbol: 6910802335  \nParametry\n\n  * średnica (mm): \n  * wysokość (mm): 190\n  * szerokość (mm): 48\n  * głębokość (mm): 46\n  * ilość źródeł / rodzaj trzonka: 1 x LED zintegr. 8W 500lm 3000K\n  * max moc źródła: 8 W\n  * napięcie: 0\n  * źródło w zestawie: LED zintegr.\n  * kolor lampy: Szary\n  * materiał: tworzywo/tworzywo\n  * IP: 54","Specyficzne kody","Lutec","POPPY STOJĄCA","8825","676.5","Strona główna","Oświetlenie","Lampy zewnętrzne","Stojące zewnętrzne","POPPY STOJĄCA","https://jasniej.com/19708-large_01resp/poppy-stojaca.jpg","https://jasniej.com/19708-medium_01resp/poppy-stojaca.jpg","https://jasniej.com/19709-medium_01resp/poppy-stojaca.jpg","https://jasniej.com/19710-medium_01resp/poppy-stojaca.jpg","","",""
"10 dni","Producent: Lutec  \nNazwa: CATE  \nSymbol: 7264210213  \nParametry\n\n  * średnica (mm): \n  * wysokość (mm): 945\n  * szerokość (mm): 265\n  * głębokość (mm): 176\n  * ilość źródeł / rodzaj trzonka: 1 x E27 60W\n  * max moc źródła: 60 W\n  * napięcie: 230\n  * źródło w zestawie: brak\n  * kolor lampy: Matowa rdza\n  * materiał: aluminium/szkło\n  * IP: 44","Specyficzne kody","Lutec","CATE STOJĄCA","8822","248.46","Strona główna","Oświetlenie","Lampy zewnętrzne","Stojące zewnętrzne","CATE STOJĄCA","https://jasniej.com/19699-large_01resp/cate-stojaca.jpg","https://jasniej.com/19699-medium_01resp/cate-stojaca.jpg","https://jasniej.com/19700-medium_01resp/cate-stojaca.jpg","https://jasniej.com/19701-medium_01resp/cate-stojaca.jpg","","",""
"10 dni","Producent: Lutec  \nNazwa: CATE  \nSymbol: 7264230213  \nParametry\n\n  * średnica (mm): \n  * wysokość (mm): 190\n  * szerokość (mm): 430\n  * głębokość (mm): 430\n  * ilość źródeł / rodzaj trzonka: 3 x E27 60W\n  * max moc źródła: 60 W\n  * napięcie: 230\n  * źródło w zestawie: brak\n  * kolor lampy: Matowa rdza\n  * materiał: aluminium/szkło\n  * IP: 44","Specyficzne kody","Lutec","CATE STOJĄCA","8821","630.99","Strona główna","Oświetlenie","Lampy zewnętrzne","Stojące zewnętrzne","CATE STOJĄCA","https://jasniej.com/19696-large_01resp/cate-stojaca.jpg","https://jasniej.com/19696-medium_01resp/cate-stojaca.jpg","https://jasniej.com/19697-medium_01resp/cate-stojaca.jpg","https://jasniej.com/19698-medium_01resp/cate-stojaca.jpg","","",""
"Wysyłamy w 3- 4 dni","","Opis\n\nLight source\n    1 x E27 60W\nŚrednica\n    180\nWysokość\n    445\nKolor\n    Czarny","Maytoni","Abbey Road Landscape Lighting Black 1 x E2","19200","229","Strona główna","Oświetlenie","Lampy zewnętrzne","Stojące zewnętrzne","Abbey Road Landscape Lighting Black 1 x E2","https://jasniej.com/72024-large_01resp/abbey-road-landscape-lighting-black-1-x-e27-60w.jpg","https://jasniej.com/72024-medium_01resp/abbey-road-landscape-lighting-black-1-x-e27-60w.jpg","","","","",""
"Wysyłamy w 3- 4 dni","","Opis\n\nLight source\n    1 x E27 60W\nŚrednica\n    225\nWysokość\n    1060\nKolor\n    Czarny","Maytoni","Rivoli Landscape Lighting Black 1 x E27 60","19194","515","Strona główna","Oświetlenie","Lampy zewnętrzne","Stojące zewnętrzne","Rivoli Landscape Lighting Black 1 x E27 60","https://jasniej.com/72016-large_01resp/rivoli-landscape-lighting-black-1-x-e27-60w.jpg","https://jasniej.com/72016-medium_01resp/rivoli-landscape-lighting-black-1-x-e27-60w.jpg","https://jasniej.com/72017-medium_01resp/rivoli-landscape-lighting-black-1-x-e27-60w.jpg","","","",""
"Wysyłamy w 3- 4 dni","","Opis\n\nLight source\n    1 x E27 60W\nŚrednica\n    225\nWysokość\n    1050\nKolor\n    Brązowy","Maytoni","Salamanca Landscape Lighting Brown 1 x E27","19191","593","Strona główna","Oświetlenie","Lampy zewnętrzne","Stojące zewnętrzne","Salamanca Landscape Lighting Brown 1 x E27","https://jasniej.com/72008-large_01resp/salamanca-landscape-lighting-brown-1-x-e27-60w.jpg","https://jasniej.com/72008-medium_01resp/salamanca-landscape-lighting-brown-1-x-e27-60w.jpg","https://jasniej.com/72009-medium_01resp/salamanca-landscape-lighting-brown-1-x-e27-60w.jpg","","","",""
"Wysyłamy w 3- 4 dni","Metal body. Resistant to thermal shock and corrosion.Glass diffuser. LED bulbs recommended.","Opis\n\nSzerokość\n    140\nLight source\n    1E27 60W\nLight source\n    1 x E27 60W\nWysokość\n    610-140\nWysokość\n    610\nGłębokość\n    140\nKolor\n    Czarny","Maytoni","Landscape Lighting Unter den Linden 1E27 6","8599","381","Strona główna","Oświetlenie","Lampy zewnętrzne","Stojące zewnętrzne","Landscape Lighting Unter den Linden 1E27 6","https://jasniej.com/17480-large_01resp/landscape-lighting-unter-den-linden.jpg","https://jasniej.com/17480-medium_01resp/landscape-lighting-unter-den-linden.jpg","https://jasniej.com/17481-medium_01resp/landscape-lighting-unter-den-linden.jpg","https://jasniej.com/18515-medium_01resp/landscape-lighting-unter-den-linden.jpg","https://jasniej.com/19316-medium_01resp/landscape-lighting-unter-den-linden.jpg","https://jasniej.com/19317-medium_01resp/landscape-lighting-unter-den-linden.jpg",""
"Wysyłamy w 3- 4 dni","Temperature- and corrosion-resistant metal frame. LED module.","Opis\n\nLight source\n    LED 370 LM\nŚrednica\n    108\nWysokość\n    500\nBarwa światła\n    3000\nKolor\n    Czarny","Maytoni","Landscape Lighting Wolseley Road LED 370 L","8619","353","Strona główna","Oświetlenie","Lampy zewnętrzne","Stojące zewnętrzne","Landscape Lighting Wolseley Road LED 370 L","https://jasniej.com/18535-large_01resp/landscape-lighting-wolseley-road.jpg","https://jasniej.com/18535-medium_01resp/landscape-lighting-wolseley-road.jpg","","","","",""
"Chwilowo niedostępny – zapytaj o termin","Metal body. Resistant to thermal shock and corrosion. Clear glass diffuser.","Opis\n\nLight source\n    1E27 60W\nLight source\n    1 x E27 60W\nŚrednica\n    160\nWysokość\n    584\nKolor\n    Brązowy","Maytoni","Landscape Lighting Oxford 1E27 60W","8581","453","Strona główna","Oświetlenie","Lampy zewnętrzne","Stojące zewnętrzne","Landscape Lighting Oxford 1E27 60W","https://jasniej.com/17459-large_01resp/landscape-lighting-oxford.jpg","https://jasniej.com/17459-medium_01resp/landscape-lighting-oxford.jpg","https://jasniej.com/18497-medium_01resp/landscape-lighting-oxford.jpg","https://jasniej.com/19295-medium_01resp/landscape-lighting-oxford.jpg","","",""
"Wysyłamy w 2-3 dni","Metal body. Resistant to thermal shock and corrosion. Textured clear glass diffuser.","Opis\n\nLight source\n    1E27 60W\nLight source\n    1 x E27 60W\nŚrednica\n    240\nWysokość\n    593\nKolor\n    Brązowy","Maytoni","Landscape Lighting La Rambla 1E27 60W","8591","644","Strona główna","Oświetlenie","Lampy zewnętrzne","Stojące zewnętrzne","Landscape Lighting La Rambla 1E27 60W","https://jasniej.com/17470-large_01resp/landscape-lighting-la-rambla.jpg","https://jasniej.com/17470-medium_01resp/landscape-lighting-la-rambla.jpg","https://jasniej.com/17471-medium_01resp/landscape-lighting-la-rambla.jpg","https://jasniej.com/18507-medium_01resp/landscape-lighting-la-rambla.jpg","https://jasniej.com/19306-medium_01resp/landscape-lighting-la-rambla.jpg","https://jasniej.com/19307-medium_01resp/landscape-lighting-la-rambla.jpg",""
"Wysyłamy w 3- 4 dni","Temperature- and corrosion-resistant metal frame. Adjustment of light flow direction. LED bulbs are recommended.","Opis\n\nSzerokość\n    205\nLight source\n    2GU10 50W\nLight source\n    2 x GU10 50W\nWysokość\n    550-205\nWysokość\n    550\nGłębokość\n    65\nKolor\n    Czarny","Maytoni","Landscape Lighting Wall Street 2GU10 50W","8622","325","Strona główna","Oświetlenie","Lampy zewnętrzne","Stojące zewnętrzne","Landscape Lighting Wall Street 2GU10 50W","https://jasniej.com/18538-large_01resp/landscape-lighting-wall-street.jpg","https://jasniej.com/18538-medium_01resp/landscape-lighting-wall-street.jpg","","","","",""
"Wysyłamy w 2-3 dni","Metal body. Resistant to thermal shock and corrosion. Clear glass diffuser.","Opis\n\nLight source\n    1E27 60W\nLight source\n    1 x E27 60W\nŚrednica\n    160\nWysokość\n    584\nKolor\n    Czarny","Maytoni","Wall Lamp Oxford 1E27 60W","8578","448","Strona główna","Oświetlenie","Lampy zewnętrzne","Stojące zewnętrzne","Wall Lamp Oxford 1E27 60W","https://jasniej.com/17456-large_01resp/wall-lamp-oxford.jpg","https://jasniej.com/17456-medium_01resp/wall-lamp-oxford.jpg","https://jasniej.com/18494-medium_01resp/wall-lamp-oxford.jpg","https://jasniej.com/19292-medium_01resp/wall-lamp-oxford.jpg","","",""
"38 dni","Producent: Lutec  \nNazwa: MAINS  \nSymbol: 9702202012  \nParametry\n\n  * średnica (mm): \n  * wysokość (mm): 310\n  * szerokość (mm): 80\n  * głębokość (mm): 80\n  * ilość źródeł / rodzaj trzonka: \n  * max moc źródła: brak\n  * napięcie: brak\n  * źródło w zestawie: brak\n  * kolor lampy: czarny\n  * materiał: aluminium\n  * IP: IP54","Opis\n\nKolor\n    Czarny","Lutec","MAINS STOJĄCA","8942","202.95","Strona główna","Oświetlenie","Lampy zewnętrzne","Stojące zewnętrzne","MAINS STOJĄCA","https://jasniej.com/20059-large_01resp/mains-stojaca.jpg","https://jasniej.com/20059-medium_01resp/mains-stojaca.jpg","https://jasniej.com/20060-medium_01resp/mains-stojaca.jpg","https://jasniej.com/20061-medium_01resp/mains-stojaca.jpg","","",""
"37 dni","Producent: Lutec  \nNazwa: MAINS  \nSymbol: 9702201012  \nParametry\n\n  * średnica (mm): \n  * wysokość (mm): 310\n  * szerokość (mm): 80\n  * głębokość (mm): 80\n  * ilość źródeł / rodzaj trzonka: \n  * max moc źródła: 3500 W\n  * napięcie: brak\n  * źródło w zestawie: brak\n  * kolor lampy: czarny\n  * materiał: aluminium\n  * IP: IP54","Specyficzne kody","Lutec","MAINS STOJĄCA","8941","202.95","Strona główna","Oświetlenie","Lampy zewnętrzne","Stojące zewnętrzne","MAINS STOJĄCA","https://jasniej.com/20056-large_01resp/mains-stojaca.jpg","https://jasniej.com/20056-medium_01resp/mains-stojaca.jpg","https://jasniej.com/20057-medium_01resp/mains-stojaca.jpg","https://jasniej.com/20058-medium_01resp/mains-stojaca.jpg","","",""
"36 dni","Producent: Lutec  \nNazwa: PANO  \nSymbol: 7289001118  \nParametry\n\n  * średnica (mm): \n  * wysokość (mm): 635\n  * szerokość (mm): 90\n  * głębokość (mm): 120\n  * ilość źródeł / rodzaj trzonka: 1 x LED zintegr. ,16 W ,1200 lm ,3000-5000K\n  * max moc źródła: 16 W\n  * napięcie: 240 V\n  * źródło w zestawie: LED zintegr.\n  * kolor lampy: szary\n  * materiał: aluminium/tworzywo\n  * IP: IP54","Specyficzne kody","Lutec","PANO STOJĄCA","8940","405.9","Strona główna","Oświetlenie","Lampy zewnętrzne","Stojące zewnętrzne","PANO STOJĄCA","https://jasniej.com/20053-large_01resp/pano-stojaca.jpg","https://jasniej.com/20053-medium_01resp/pano-stojaca.jpg","https://jasniej.com/20054-medium_01resp/pano-stojaca.jpg","https://jasniej.com/20055-medium_01resp/pano-stojaca.jpg","","",""
"35 dni","Producent: Lutec  \nNazwa: KIRA  \nSymbol: 7288901118  \nParametry\n\n  * średnica (mm): \n  * wysokość (mm): 740\n  * szerokość (mm): 114\n  * głębokość (mm): 120\n  * ilość źródeł / rodzaj trzonka: 1 x LED zintegr. ,18 W ,1200 lm ,2700-6500K\n  * max moc źródła: 18 W\n  * napięcie: 240 V\n  * źródło w zestawie: LED zintegr.\n  * kolor lampy: szary\n  * materiał: aluminium/tworzywo\n  * IP: IP54","Specyficzne kody","Lutec","KIRA STOJĄCA","8939","360.39","Strona główna","Oświetlenie","Lampy zewnętrzne","Stojące zewnętrzne","KIRA STOJĄCA","https://jasniej.com/20050-large_01resp/kira-stojaca.jpg","https://jasniej.com/20050-medium_01resp/kira-stojaca.jpg","https://jasniej.com/20051-medium_01resp/kira-stojaca.jpg","https://jasniej.com/20052-medium_01resp/kira-stojaca.jpg","","",""
"34 dni","Producent: Lutec  \nNazwa: FLAIR  \nSymbol: 7288801012  \nParametry\n\n  * średnica (mm): \n  * wysokość (mm): 750\n  * szerokość (mm): 120\n  * głębokość (mm): 120\n  * ilość źródeł / rodzaj trzonka: 1 x E27 ,40 W\n  * max moc źródła: 40 W\n  * napięcie: 240 V\n  * źródło w zestawie: brak\n  * kolor lampy: czarny\n  * materiał: aluminium/szkło\n  * IP: IP44","Specyficzne kody","Lutec","FLAIR STOJĄCA","8938","316.11","Strona główna","Oświetlenie","Lampy zewnętrzne","Stojące zewnętrzne","FLAIR STOJĄCA","https://jasniej.com/20047-large_01resp/flair-stojaca.jpg","https://jasniej.com/20047-medium_01resp/flair-stojaca.jpg","https://jasniej.com/20048-medium_01resp/flair-stojaca.jpg","https://jasniej.com/20049-medium_01resp/flair-stojaca.jpg","","",""
"33 dni","Producent: Lutec  \nNazwa: DAKOTA  \nSymbol: 7288602118  \nParametry\n\n  * średnica (mm): \n  * wysokość (mm): 450\n  * szerokość (mm): 89\n  * głębokość (mm): 120\n  * ilość źródeł / rodzaj trzonka: 1 x LED zintegr. ,12 W ,800 lm ,2700-6500K\n  * max moc źródła: 12 W\n  * napięcie: 240 V\n  * źródło w zestawie: LED zintegr.\n  * kolor lampy: szary\n  * materiał: aluminium/tworzywo\n  * IP: IP54","Specyficzne kody","Lutec","DAKOTA STOJĄCA","8937","270.6","Strona główna","Oświetlenie","Lampy zewnętrzne","Stojące zewnętrzne","DAKOTA STOJĄCA","https://jasniej.com/20044-large_01resp/dakota-stojaca.jpg","https://jasniej.com/20044-medium_01resp/dakota-stojaca.jpg","https://jasniej.com/20045-medium_01resp/dakota-stojaca.jpg","https://jasniej.com/20046-medium_01resp/dakota-stojaca.jpg","","",""
"32 dni","Producent: Lutec  \nNazwa: DAKOTA  \nSymbol: 7288601118  \nParametry\n\n  * średnica (mm): \n  * wysokość (mm): 650\n  * szerokość (mm): 147\n  * głębokość (mm): 120\n  * ilość źródeł / rodzaj trzonka: 1 x LED zintegr. ,12 W ,800 lm ,270-06500K\n  * max moc źródła: 12 W\n  * napięcie: 240 V\n  * źródło w zestawie: LED zintegr.\n  * kolor lampy: szary\n  * materiał: aluminium/tworzywo\n  * IP: IP54","Specyficzne kody","Lutec","DAKOTA STOJĄCA","8936","316.11","Strona główna","Oświetlenie","Lampy zewnętrzne","Stojące zewnętrzne","DAKOTA STOJĄCA","https://jasniej.com/20041-large_01resp/dakota-stojaca.jpg","https://jasniej.com/20041-medium_01resp/dakota-stojaca.jpg","https://jasniej.com/20042-medium_01resp/dakota-stojaca.jpg","https://jasniej.com/20043-medium_01resp/dakota-stojaca.jpg","","",""
"30 dni","Producent: Lutec  \nNazwa: CYRA  \nSymbol: 7198101118  \nParametry\n\n  * średnica (mm): \n  * wysokość (mm): 650\n  * szerokość (mm): 78\n  * głębokość (mm): 78\n  * ilość źródeł / rodzaj trzonka: 1 x LED zintegr. ,8 W ,500 lm ,3000K\n  * max moc źródła: 8 W\n  * napięcie: 240 V\n  * źródło w zestawie: LED zintegr.\n  * kolor lampy: szary\n  * materiał: aluminium/tworzywo\n  * IP: IP54","Specyficzne kody","Lutec","CYRA STOJĄCA","8934","316.11","Strona główna","Oświetlenie","Lampy zewnętrzne","Stojące zewnętrzne","CYRA STOJĄCA","https://jasniej.com/20035-large_01resp/cyra-stojaca.jpg","https://jasniej.com/20035-medium_01resp/cyra-stojaca.jpg","https://jasniej.com/20036-medium_01resp/cyra-stojaca.jpg","https://jasniej.com/20037-medium_01resp/cyra-stojaca.jpg","","",""
"29 dni","Producent: Lutec  \nNazwa: CUBA  \nSymbol: 7193802118  \nParametry\n\n  * średnica (mm): \n  * wysokość (mm): 750\n  * szerokość (mm): 110\n  * głębokość (mm): 237\n  * ilość źródeł / rodzaj trzonka: 1 x LED zintegr. ,12 W ,600 lm ,3000K\n  * max moc źródła: 12 W\n  * napięcie: 240 V\n  * źródło w zestawie: LED zintegr.\n  * kolor lampy: szary\n  * materiał: aluminium/tworzywo\n  * IP: IP54","Specyficzne kody","Lutec","CUBA STOJĄCA","8933","316.11","Strona główna","Oświetlenie","Lampy zewnętrzne","Stojące zewnętrzne","CUBA STOJĄCA","https://jasniej.com/20032-large_01resp/cuba-stojaca.jpg","https://jasniej.com/20032-medium_01resp/cuba-stojaca.jpg","https://jasniej.com/20033-medium_01resp/cuba-stojaca.jpg","https://jasniej.com/20034-medium_01resp/cuba-stojaca.jpg","","",""
"31 dni","Producent: Lutec  \nNazwa: CRUZ  \nSymbol: 7199201118  \nParametry\n\n  * średnica (mm): \n  * wysokość (mm): 750\n  * szerokość (mm): 140\n  * głębokość (mm): 140\n  * ilość źródeł / rodzaj trzonka: 1 x LED zintegr. ,13 W ,1000 lm ,3000K\n  * max moc źródła: 13 W\n  * napięcie: 240 V\n  * źródło w zestawie: LED zintegr.\n  * kolor lampy: szary\n  * materiał: aluminium/tworzywo\n  * IP: IP54","Specyficzne kody","Lutec","CRUZ STOJĄCA","8935","338.25","Strona główna","Oświetlenie","Lampy zewnętrzne","Stojące zewnętrzne","CRUZ STOJĄCA","https://jasniej.com/20038-large_01resp/cruz-stojaca.jpg","https://jasniej.com/20038-medium_01resp/cruz-stojaca.jpg","https://jasniej.com/20039-medium_01resp/cruz-stojaca.jpg","https://jasniej.com/20040-medium_01resp/cruz-stojaca.jpg","","",""
"10 dni","Producent: Lutec  \nNazwa: CUBA  \nSymbol: 5193803118  \nParametry\n\n  * średnica (mm): \n  * wysokość (mm): 148\n  * szerokość (mm): 100\n  * głębokość (mm): 116\n  * ilość źródeł / rodzaj trzonka: 1 x LED zintegr. ,12 W ,600 lm ,3000K\n  * max moc źródła: 12 W\n  * napięcie: 240 V\n  * źródło w zestawie: LED zintegr.\n  * kolor lampy: szary\n  * materiał: aluminium/tworzywo\n  * IP: IP54","Specyficzne kody","Lutec","CUBA STOJĄCA","8914","180.81","Strona główna","Oświetlenie","Lampy zewnętrzne","Stojące zewnętrzne","CUBA STOJĄCA","https://jasniej.com/19975-large_01resp/cuba-stojaca.jpg","https://jasniej.com/19975-medium_01resp/cuba-stojaca.jpg","https://jasniej.com/19976-medium_01resp/cuba-stojaca.jpg","https://jasniej.com/19977-medium_01resp/cuba-stojaca.jpg","","",""
"10 dni","Producent: Lutec  \nNazwa: MINI LEDSPOT  \nSymbol: 7214603118  \nParametry\n\n  * średnica (mm): \n  * wysokość (mm): 526\n  * szerokość (mm): 46\n  * głębokość (mm): 210\n  * ilość źródeł / rodzaj trzonka: 1 x LED zintegr. 9W 605lm 4000K\n  * max moc źródła: 9 W\n  * napięcie: 230\n  * źródło w zestawie: LED zintegr.\n  * kolor lampy: Antracyt\n  * materiał: aluminium/szkło\n  * IP: 65","Specyficzne kody","Lutec","MINI LEDSPOT STOJĄCA","8906","495.69","Strona główna","Oświetlenie","Lampy zewnętrzne","Stojące zewnętrzne","MINI LEDSPOT STOJĄCA","https://jasniej.com/19951-large_01resp/mini-ledspot-stojaca.jpg","https://jasniej.com/19951-medium_01resp/mini-ledspot-stojaca.jpg","https://jasniej.com/19952-medium_01resp/mini-ledspot-stojaca.jpg","https://jasniej.com/19953-medium_01resp/mini-ledspot-stojaca.jpg","","",""
"10 dni","Producent: Lutec  \nNazwa: EXPLORER  \nSymbol: 6609201118  \nParametry\n\n  * średnica (mm): \n  * wysokość (mm): 417\n  * szerokość (mm): 92\n  * głębokość (mm): 92\n  * ilość źródeł / rodzaj trzonka: 1 x LED zintegr. 5W 380lm 3000K\n  * max moc źródła: 5 W\n  * napięcie: 230\n  * źródło w zestawie: LED zintegr.\n  * kolor lampy: Antracyt\n  * materiał: aluminium/tworzywo\n  * IP: 54","Specyficzne kody","Lutec","EXPLORER STOJĄCA","8903","135.3","Strona główna","Oświetlenie","Lampy zewnętrzne","Stojące zewnętrzne","EXPLORER STOJĄCA","https://jasniej.com/19942-large_01resp/explorer-stojaca.jpg","https://jasniej.com/19942-medium_01resp/explorer-stojaca.jpg","https://jasniej.com/19943-medium_01resp/explorer-stojaca.jpg","https://jasniej.com/19944-medium_01resp/explorer-stojaca.jpg","","",""
"10 dni","Producent: Lutec  \nNazwa: MINI LEDSPOT  \nSymbol: 7214604118  \nParametry\n\n  * średnica (mm): \n  * wysokość (mm): 616\n  * szerokość (mm): 46\n  * głębokość (mm): 210\n  * ilość źródeł / rodzaj trzonka: 1 x LED zintegr. 18W 1210lm 4000K\n  * max moc źródła: 18 W\n  * napięcie: 230\n  * źródło w zestawie: LED zintegr.\n  * kolor lampy: Antracyt\n  * materiał: aluminium/szkło\n  * IP: 65","Specyficzne kody","Lutec","MINI LEDSPOT STOJĄCA","8905","676.5","Strona główna","Oświetlenie","Lampy zewnętrzne","Stojące zewnętrzne","MINI LEDSPOT STOJĄCA","https://jasniej.com/19948-large_01resp/mini-ledspot-stojaca.jpg","https://jasniej.com/19948-medium_01resp/mini-ledspot-stojaca.jpg","https://jasniej.com/19949-medium_01resp/mini-ledspot-stojaca.jpg","https://jasniej.com/19950-medium_01resp/mini-ledspot-stojaca.jpg","","",""
"10 dni","Producent: Lutec  \nNazwa: ANDA  \nSymbol: 7225201118  \nParametry\n\n  * średnica (mm): \n  * wysokość (mm): 800\n  * szerokość (mm): 264\n  * głębokość (mm): 202\n  * ilość źródeł / rodzaj trzonka: 1 x LED zintegr. 18W 1040lm 4000K\n  * max moc źródła: 18 W\n  * napięcie: 230\n  * źródło w zestawie: LED zintegr.\n  * kolor lampy: Antracyt\n  * materiał: aluminium/tworzywo\n  * IP: 65","Specyficzne kody","Lutec","ANDA STOJĄCA","8901","495.69","Strona główna","Oświetlenie","Lampy zewnętrzne","Stojące zewnętrzne","ANDA STOJĄCA","https://jasniej.com/19936-large_01resp/anda-stojaca.jpg","https://jasniej.com/19936-medium_01resp/anda-stojaca.jpg","https://jasniej.com/19937-medium_01resp/anda-stojaca.jpg","https://jasniej.com/19938-medium_01resp/anda-stojaca.jpg","","",""
"10 dni","Producent: Lutec  \nNazwa: MERIDIAN  \nSymbol: 7216412118  \nParametry\n\n  * średnica (mm): \n  * wysokość (mm): 730\n  * szerokość (mm): 213\n  * głębokość (mm): 180\n  * ilość źródeł / rodzaj trzonka: 1 x LED zintegr. 14W 800lm 3000K\n  * max moc źródła: 14 W\n  * napięcie: 230\n  * źródło w zestawie: LED zintegr.\n  * kolor lampy: Antracyt\n  * materiał: aluminium/tworzywo\n  * IP: 54","Specyficzne kody","Lutec","MERIDIAN STOJĄCA","8898","360.39","Strona główna","Oświetlenie","Lampy zewnętrzne","Stojące zewnętrzne","MERIDIAN STOJĄCA","https://jasniej.com/19927-large_01resp/meridian-stojaca.jpg","https://jasniej.com/19927-medium_01resp/meridian-stojaca.jpg","https://jasniej.com/19928-medium_01resp/meridian-stojaca.jpg","https://jasniej.com/19929-medium_01resp/meridian-stojaca.jpg","","",""
"Wysyłamy w ciągu 2-21 dni","Strumień świetlny: 330 lm\n\nMateriał obudowy: Stal cynkowana ogniowo i malowana proszkowo\n\nMateriał klosza: Szkło kryształowe satynowane (wewnątrz)\n\nSzerokość: 9 cm\n\nWysokość: 37 cm\n\nTrzonek: Moduł LED wymienny\n\nŚciemnianie DIM: Tak, fazowo\n\nMoc: 4 W","Opis\n\nStyl\n    Nowoczesny\nKolor\n    Srebrny","Norlys","Słupek ogrodowy LED ARENDAL MINI ocynk","27385","762","Strona główna","Oświetlenie","Lampy zewnętrzne","Stojące zewnętrzne","Słupek ogrodowy LED ARENDAL MINI ocynk","https://jasniej.com/74497-large_01resp/slupek-ogrodowy-led-arendal-mini-ocynk.jpg","https://jasniej.com/74497-medium_01resp/slupek-ogrodowy-led-arendal-mini-ocynk.jpg","https://jasniej.com/74498-medium_01resp/slupek-ogrodowy-led-arendal-mini-ocynk.jpg","","","",""
"Wysyłamy w ciągu 2-21 dni","Materiał obudowy: Stal cynkowana ogniowo i malowana proszkowo\n\nMateriał klosza: Szkło kryształowe satynowane (wewnątrz)\n\nSzerokość: 12 cm\n\nWysokość: 49 cm\n\nTrzonek: E27","Opis\n\nStyl\n    Nowoczesny\nKolor\n    Srebrny","Norlys","Słupek ogrodowy LED ARENDAL ocynk","27384","889","Strona główna","Oświetlenie","Lampy zewnętrzne","Stojące zewnętrzne","Słupek ogrodowy LED ARENDAL ocynk","https://jasniej.com/74494-large_01resp/slupek-ogrodowy-led-arendal-ocynk.jpg","https://jasniej.com/74494-medium_01resp/slupek-ogrodowy-led-arendal-ocynk.jpg","https://jasniej.com/74495-medium_01resp/slupek-ogrodowy-led-arendal-ocynk.jpg","https://jasniej.com/74496-medium_01resp/slupek-ogrodowy-led-arendal-ocynk.jpg","","",""
"4-5 tygodni","","Opis\n\nStyl\n    Nowoczesny\nKolor\n    Czarny","Artemide","""O"" Floor","29488","5660.78","Strona główna","Oświetlenie","""O"" Floor","","","https://jasniej.com/75225-large_01resp/o-floor-.jpg","https://jasniej.com/75225-medium_01resp/o-floor-.jpg","","","","",""
"Wysyłamy w ciągu 2-21 dni","Strumień świetlny: 294 lm\n\nNapięcie Wej.: 230 V\n\nMateriał obudowy: Stal malowana proszkowo\n\nMateriał klosza: Szkło akrylowe (PMMA)\n\nWysokość: 28 cm\n\nŚrednica: 17 cm\n\nŚciemnianie DIM: Tak, fazowo","Opis\n\nStyl\n    Nowoczesny\nKolor\n    Czarny","Norlys","Lampa słupkowa LED STOCKHOLM czarny","27382","1173","Strona główna","Oświetlenie","Lampy zewnętrzne","Stojące zewnętrzne","Lampa słupkowa LED STOCKHOLM czarny","https://jasniej.com/74488-large_01resp/lampa-slupkowa-led-stockholm-czarny.jpg","https://jasniej.com/74488-medium_01resp/lampa-slupkowa-led-stockholm-czarny.jpg","https://jasniej.com/74490-medium_01resp/lampa-slupkowa-led-stockholm-czarny.jpg","","","",""
"Wysyłamy w ciągu 2-21 dni","Strumień świetlny: 593 lm\n\nMateriał klosza: PC\n\nMateriał obudowy: Stal\n\nWysokość: 89 cm\n\nSzerokość: 14 cm\n\nMoc: 12,7 W","Opis\n\nStyl\n    Nowoczesny\nKolor\n    Czarny","Norlys","Oprawa ARVIKA czarna","27381","1560","Strona główna","Oświetlenie","Lampy zewnętrzne","Stojące zewnętrzne","Oprawa ARVIKA czarna","https://jasniej.com/74485-large_01resp/oprawa-arvika-czarna.jpg","https://jasniej.com/74485-medium_01resp/oprawa-arvika-czarna.jpg","https://jasniej.com/74486-medium_01resp/oprawa-arvika-czarna.jpg","https://jasniej.com/74487-medium_01resp/oprawa-arvika-czarna.jpg","","",""
"Wysyłamy w ciągu 2-21dni","Strumień świetlny: 1710 lm\n\nSkuteczność świetlna: 95 lm/W\n\nMateriał obudowy: Aluminium\n\nMateriał klosza: PC\n\nWysokość: 216 cm\n\nTrwałość: 50 000 h\n\nOddawanie barw (CRI): Ra>80","Opis\n\nStyl\n    Nowoczesny\nKolor\n    Srebrny","Norlys","Lampa parkowa ASKER alu","27379","2217","Strona główna","Oświetlenie","Lampy zewnętrzne","Stojące zewnętrzne","Lampa parkowa ASKER alu","https://jasniej.com/74477-large_01resp/lampa-parkowa-asker-alu.jpg","https://jasniej.com/74477-medium_01resp/lampa-parkowa-asker-alu.jpg","https://jasniej.com/74478-medium_01resp/lampa-parkowa-asker-alu.jpg","https://jasniej.com/74479-medium_01resp/lampa-parkowa-asker-alu.jpg","https://jasniej.com/74480-medium_01resp/lampa-parkowa-asker-alu.jpg","",""
"Wysyłamy w ciągu 2-21 dni","Materiał obudowy: Stal cynkowana ogniowo i malowana proszkowo\n\nMateriał klosza: Szkło kryształowe satynowane (wewnątrz)\n\nSzerokość: 12 cm\n\nWysokość: 49 cm\n\nTrzonek: E27","Opis\n\nStyl\n    Nowoczesny\nKolor\n    Czarny","Norlys","Słupek ogrodowy LED ARENDAL czarny","27383","889","Strona główna","Oświetlenie","Lampy zewnętrzne","Stojące zewnętrzne","Słupek ogrodowy LED ARENDAL czarny","https://jasniej.com/74491-large_01resp/slupek-ogrodowy-led-arendal-czarny.jpg","https://jasniej.com/74491-medium_01resp/slupek-ogrodowy-led-arendal-czarny.jpg","https://jasniej.com/74492-medium_01resp/slupek-ogrodowy-led-arendal-czarny.jpg","https://jasniej.com/74493-medium_01resp/slupek-ogrodowy-led-arendal-czarny.jpg","","",""
"Wysyłamy w ciągu 2-21 dni","Strumień świetlny: 1710 lm\n\nSkuteczność świetlna: 95 lm/W\n\nNapięcie Wej.: 230 V\n\nMateriał obudowy: Aluminium\n\nMateriał klosza: PC\n\nWysokość: 216 cm\n\nTrwałość: 50 000 h\n\nMoc: 18 W","Opis\n\nStyl\n    Nowoczesny\nKolor\n    Czarny","Norlys","Lampa parkowa ASKER czarny","27378","2217","Strona główna","Oświetlenie","Lampy zewnętrzne","Stojące zewnętrzne","Lampa parkowa ASKER czarny","https://jasniej.com/74474-large_01resp/lampa-parkowa-asker-czarny-.jpg","https://jasniej.com/74474-medium_01resp/lampa-parkowa-asker-czarny-.jpg","https://jasniej.com/74475-medium_01resp/lampa-parkowa-asker-czarny-.jpg","https://jasniej.com/74476-medium_01resp/lampa-parkowa-asker-czarny-.jpg","","",""
"Wysyłamy w ciągu 2-21 dni","Strumień świetlny: 1950 lm\n\nNapięcie Wej.: 230 V\n\nDiody LED -typ: Osram\n\nMateriał klosza: PC struktura\n\nMateriał obudowy: Odlew aluminiowy malowany proszkowo\n\nŚrednica: 24,5 cm\n\nGłębokość: 45 cm\n\nWysokość: 236-336 cm\n\nTrwałość: 50000 h\n\nMoc: 17,5 W","Opis\n\nStyl\n    Nowoczesny\nKolor\n    Metaliczny","Norlys","Oprawa słupowa KOSTER grafit","27374","1954","Strona główna","Oświetlenie","Lampy zewnętrzne","Stojące zewnętrzne","Oprawa słupowa KOSTER grafit","https://jasniej.com/74464-large_01resp/oprawa-slupowa-koster-grafit.jpg","https://jasniej.com/74464-medium_01resp/oprawa-slupowa-koster-grafit.jpg","https://jasniej.com/74465-medium_01resp/oprawa-slupowa-koster-grafit.jpg","https://jasniej.com/74466-medium_01resp/oprawa-slupowa-koster-grafit.jpg","","",""
"Wysyłamy w ciągu 2-21dni","Strumień świetlny: 556 lm\n\nNapięcie Wej.: 230 V\n\nMateriał obudowy: Odlew aluminiowy malowany proszkowo\n\nMateriał klosza: PC\n\nWysokość: 95 cm\n\nŚrednica:24 cm\n\nMoc: 21,8 W","Opis\n\nStyl\n    Nowoczesny\nKolor\n    Srebrny","Norlys","Oprawa słupkowa NARVIK aluminium","27372","2163","Strona główna","Oświetlenie","Lampy zewnętrzne","Stojące zewnętrzne","Oprawa słupkowa NARVIK aluminium","https://jasniej.com/74457-large_01resp/oprawa-slupkowa-narvik-aluminium.jpg","https://jasniej.com/74457-medium_01resp/oprawa-slupkowa-narvik-aluminium.jpg","https://jasniej.com/74458-medium_01resp/oprawa-slupkowa-narvik-aluminium.jpg","https://jasniej.com/74459-medium_01resp/oprawa-slupkowa-narvik-aluminium.jpg","https://jasniej.com/74460-medium_01resp/oprawa-slupkowa-narvik-aluminium.jpg","",""
"Wysyłamy w ciągu 2-21 dni","Diody LED -typ: Osram\n\nMateriał klosza: PC struktura\n\nMateriał obudowy: Odlew aluminiowy malowany proszkowo\n\nŚrednica: 24,5 cm\n\nGłębokość: 45 cm\n\nWysokość: 236-336 cm\n\nTrwałość: 50000 h\n\nMoc: 17,5 W","Opis\n\nStyl\n    Nowoczesny\nKolor\n    Srebrny","Norlys","Oprawa słupowa KOSTER alu","27373","1954","Strona główna","Oświetlenie","Lampy zewnętrzne","Stojące zewnętrzne","Oprawa słupowa KOSTER alu","https://jasniej.com/74461-large_01resp/oprawa-slupowa-koster-alu.jpg","https://jasniej.com/74461-medium_01resp/oprawa-slupowa-koster-alu.jpg","https://jasniej.com/74462-medium_01resp/oprawa-slupowa-koster-alu.jpg","https://jasniej.com/74463-medium_01resp/oprawa-slupowa-koster-alu.jpg","","",""
"Wysyłamy w ciągu 2-21 dni","Strumień świetlny: 252 lm\n\nNapięcie Wej.: 230 V\n\nMateriał obudowy: Stal ocynkowana ogniowo i malowana proszkowo\n\nMateriał klosza: PC\n\nWysokość: 85 cm\n\nSzerokość: 12 cm\n\nDługość: 12 cm\n\nŚciemnianie DIM\n\nMoc: 10 W","Opis\n\nStyl\n    Nowoczesny\nKolor\n    Czarny","Norlys","Oprawa słupkowa HALMSTAD czarny","27370","1512","Strona główna","Oświetlenie","Lampy zewnętrzne","Stojące zewnętrzne","Oprawa słupkowa HALMSTAD czarny","https://jasniej.com/74451-large_01resp/oprawa-slupkowa-halmstad-czarny.jpg","https://jasniej.com/74451-medium_01resp/oprawa-slupkowa-halmstad-czarny.jpg","https://jasniej.com/74452-medium_01resp/oprawa-slupkowa-halmstad-czarny.jpg","https://jasniej.com/74453-medium_01resp/oprawa-slupkowa-halmstad-czarny.jpg","","",""
"Wysyłamy w ciagu 2-21 dni","Napięcie Wej.: 230 V\n\nMateriał obudowy: Stal ocynkowana ogniowo i malowana proszkowo\n\nMateriał klosza: PC\n\nMateriał: Sosna skandynawska impregnowana i malowana\n\nDługość: 12 cm\n\nWysokość: 85 cm\n\nSzerokość: 12 cm\n\nMoc: 46 W","Opis\n\nStyl\n    Nowoczesny\nKolor\n    Biały","Norlys","Oprawa słupkowa HALMSTAD WOOD ocynk","27371","1375","Strona główna","Oświetlenie","Lampy zewnętrzne","Stojące zewnętrzne","Oprawa słupkowa HALMSTAD WOOD ocynk","https://jasniej.com/74454-large_01resp/oprawa-slupkowa-halmstad-wood-ocynk.jpg","https://jasniej.com/74454-medium_01resp/oprawa-slupkowa-halmstad-wood-ocynk.jpg","https://jasniej.com/74455-medium_01resp/oprawa-slupkowa-halmstad-wood-ocynk.jpg","https://jasniej.com/74456-medium_01resp/oprawa-slupkowa-halmstad-wood-ocynk.jpg","","",""
"Wysyłamy w ciągu 2-21dni","Napięcie Wej.: 230 V\n\nMateriał obudowy: Aluminium\n\nMateriał klosza: PC\n\nWysokość: 165-254 cm\n\nSzerokość:65 cm\n\nMoc: 46 W","Opis\n\nStyl\n    Modern Classic\nKolor\n    Biały","Norlys","Oprawa słupowa BOLONIA biała mleczna","27369","2718","Strona główna","Oświetlenie","Lampy zewnętrzne","Stojące zewnętrzne","Oprawa słupowa BOLONIA biała mleczna","https://jasniej.com/74448-large_01resp/oprawa-slupowa-bolonia-biala-mleczna.jpg","https://jasniej.com/74448-medium_01resp/oprawa-slupowa-bolonia-biala-mleczna.jpg","https://jasniej.com/74449-medium_01resp/oprawa-slupowa-bolonia-biala-mleczna.jpg","https://jasniej.com/74450-medium_01resp/oprawa-slupowa-bolonia-biala-mleczna.jpg","","",""
"Wysyłamy w ciągu 2-21 dni","","Opis\n\nStyl\n    Nowoczesny\nKolor\n    Czarny","Norlys","Oprawa słupowa BOLONIA czarna","27368","2718","Strona główna","Oświetlenie","Lampy zewnętrzne","Stojące zewnętrzne","Oprawa słupowa BOLONIA czarna","https://jasniej.com/74445-large_01resp/oprawa-slupowa-bolonia-czarna-.jpg","https://jasniej.com/74445-medium_01resp/oprawa-slupowa-bolonia-czarna-.jpg","https://jasniej.com/74446-medium_01resp/oprawa-slupowa-bolonia-czarna-.jpg","https://jasniej.com/74447-medium_01resp/oprawa-slupowa-bolonia-czarna-.jpg","","",""
"Wysyłamy w ciągu 2-21 dni","Napięcie Wej.: 230 V\n\nMateriał obudowy: Stal - cynkowana ogniowo\n\nMateriał klosza: PC\n\nMateriał: Sosna skandynawska malowana\n\nŚrednica: 15 cm\n\nWysokość: 49 cm","Opis\n\nStyl\n    Nowoczesny\nKolor\n    Brązowy","Norlys","Oprawa ogrodowa ALTA drewno/ocynk","27364","1141","Strona główna","Oświetlenie","Lampy zewnętrzne","Stojące zewnętrzne","Oprawa ogrodowa ALTA drewno/ocynk","https://jasniej.com/74434-large_01resp/oprawa-ogrodowa-alta-drewnoocynk.jpg","https://jasniej.com/74434-medium_01resp/oprawa-ogrodowa-alta-drewnoocynk.jpg","https://jasniej.com/74435-medium_01resp/oprawa-ogrodowa-alta-drewnoocynk.jpg","","","",""
"Wysyłamy w ciągu 2-21 dni","Napięcie zasilania: 230\n\nMateriał klosza: Szkło hartowane\n\nMateriał obudowy: Aluminium\n\nGrubość: 12 cm\n\nSzerokość: 24 cm\n\nWysokość: 95 cm","Opis\n\nStyl\n    Nowoczesny\nKolor\n    Srebrny","Norlys","Oprawa NAMSOS aluminium","27361","1564","Strona główna","Oświetlenie","Lampy zewnętrzne","Stojące zewnętrzne","Oprawa NAMSOS aluminium","https://jasniej.com/74424-large_01resp/oprawa-namsos-grafit.jpg","https://jasniej.com/74424-medium_01resp/oprawa-namsos-grafit.jpg","https://jasniej.com/74425-medium_01resp/oprawa-namsos-grafit.jpg","https://jasniej.com/74426-medium_01resp/oprawa-namsos-grafit.jpg","","",""
"Wysyłamy w ciągu 2-21dni","Napięcie Wej.: 230 V\n\nMateriał obudowy: Stal\n\nMateriał klosza: PC\n\nMateriał: Sosna skandynawska impregnowana\n\nŚrednica: 15 cm\n\nWysokość: 49 cm\n\nMoc: 46 W","Opis\n\nStyl\n    Nowoczesny\nKolor\n    Czarny","Norlys","Oprawa ogrodowa ALTA drewno impregnowane/czarny","27365","1141","Strona główna","Oświetlenie","Lampy zewnętrzne","Stojące zewnętrzne","Oprawa ogrodowa ALTA drewno impregnowane/czarny","https://jasniej.com/74436-large_01resp/oprawa-ogrodowa-alta-drewno-impregnowaneczarny.jpg","https://jasniej.com/74436-medium_01resp/oprawa-ogrodowa-alta-drewno-impregnowaneczarny.jpg","https://jasniej.com/74437-medium_01resp/oprawa-ogrodowa-alta-drewno-impregnowaneczarny.jpg","https://jasniej.com/74438-medium_01resp/oprawa-ogrodowa-alta-drewno-impregnowaneczarny.jpg","","",""
"Wysyłamy w ciągu 2-21 dni","Napięcie zasilania: 230\n\nMateriał klosza: Szkło hartowane\n\nMateriał obudowy: Aluminium\n\nGrubość: 12 cm\n\nSzerokość: 24 cm\n\nWysokość: 65 cm","Opis\n\nStyl\n    Nowoczesny\nKolor\n    Metaliczny","Norlys","Oprawa NAMSOS grafit","27360","1288","Strona główna","Oświetlenie","Lampy zewnętrzne","Stojące zewnętrzne","Oprawa NAMSOS grafit","https://jasniej.com/74418-large_01resp/oprawa-namsos-grafit.jpg","https://jasniej.com/74418-medium_01resp/oprawa-namsos-grafit.jpg","https://jasniej.com/74419-medium_01resp/oprawa-namsos-grafit.jpg","https://jasniej.com/74420-medium_01resp/oprawa-namsos-grafit.jpg","","",""
"Wysyłamy w ciągu 2-21 dni","Napięcie Wej.: 230 V\n\nMateriał obudowy: Stal\n\nMateriał klosza: PC\n\nMateriał: Sosna skandynawska malowana\n\nŚrednica: 15 cm\n\nWysokość: 49 cm","Opis\n\nStyl\n    Nowoczesny\nKolor\n    Czarny","Norlys","Oprawa ogrodowa ALTA drewno/czarna","27363","1141","Strona główna","Oświetlenie","Lampy zewnętrzne","Stojące zewnętrzne","Oprawa ogrodowa ALTA drewno/czarna","https://jasniej.com/74430-large_01resp/oprawa-ogrodowa-alta-drewnoczarna.jpg","https://jasniej.com/74430-medium_01resp/oprawa-ogrodowa-alta-drewnoczarna.jpg","https://jasniej.com/74432-medium_01resp/oprawa-ogrodowa-alta-drewnoczarna.jpg","https://jasniej.com/74433-medium_01resp/oprawa-ogrodowa-alta-drewnoczarna.jpg","","",""
"Wysyłamy w ciągu 2-21 dni","Strumień świetlny: 826 lm\n\nNapięcie Wej.: 230 V\n\nMateriał klosza: PMMA\n\nMateriał obudowy: Aluminium\n\nŚrednica: 6 cm\n\nWysokość: 49 cm","Opis\n\nStyl\n    Nowoczesny\nKolor\n    Czarny","Norlys","Lampa ogrodowa EGERSUND MINI grafit","27358","1468","Strona główna","Oświetlenie","Lampy zewnętrzne","Stojące zewnętrzne","Lampa ogrodowa EGERSUND MINI grafit","https://jasniej.com/74411-large_01resp/lampa-ogrodowa-egersund-mini-grafit.jpg","https://jasniej.com/74411-medium_01resp/lampa-ogrodowa-egersund-mini-grafit.jpg","https://jasniej.com/74412-medium_01resp/lampa-ogrodowa-egersund-mini-grafit.jpg","https://jasniej.com/74413-medium_01resp/lampa-ogrodowa-egersund-mini-grafit.jpg","https://jasniej.com/74414-medium_01resp/lampa-ogrodowa-egersund-mini-grafit.jpg","",""
"Wysyłamy w ciągu 2-21 dni","Napięcie Wej.: 230 V\n\nMateriał klosza: Polimetakryl\n\nMateriał obudowy: Aluminium\n\nWysokość: 50 cm\n\nŚrednica: 20 cm\n\nTrzonek: E27","Opis\n\nStyl\n    Nowoczesny\nKolor\n    Czarny","Norlys","Lampa ogrodowa STAVANGER grafit","27357","1289","Strona główna","Oświetlenie","Lampy zewnętrzne","Stojące zewnętrzne","Lampa ogrodowa STAVANGER grafit","https://jasniej.com/74408-large_01resp/lampa-ogrodowa-stavanger-grafit.jpg","https://jasniej.com/74408-medium_01resp/lampa-ogrodowa-stavanger-grafit.jpg","https://jasniej.com/74409-medium_01resp/lampa-ogrodowa-stavanger-grafit.jpg","https://jasniej.com/74410-medium_01resp/lampa-ogrodowa-stavanger-grafit.jpg","","",""
"Wysyłamy w ciągu 2-21 dni","Strumień świetlny: 826 lm\n\nNapięcie Wej.: 230 V\n\nMateriał obudowy: Aluminium\n\nMateriał klosza: PMMA\n\nŚrednica: 6 cm\n\nWysokość: 49 cm","Opis\n\nStyl\n    Nowoczesny\nKolor\n    Srebrny","Norlys","Lampa ogrodowa EGERSUND MINI aluminium","27359","1468","Strona główna","Oświetlenie","Lampy zewnętrzne","Stojące zewnętrzne","Lampa ogrodowa EGERSUND MINI aluminium","https://jasniej.com/74415-large_01resp/lampa-ogrodowa-egersund-mini-aluminium.jpg","https://jasniej.com/74415-medium_01resp/lampa-ogrodowa-egersund-mini-aluminium.jpg","https://jasniej.com/74416-medium_01resp/lampa-ogrodowa-egersund-mini-aluminium.jpg","https://jasniej.com/74417-medium_01resp/lampa-ogrodowa-egersund-mini-aluminium.jpg","","",""
"Wysyłamy w ciągu 2-21dni","Napięcie Wej.: 230 V\n\nMateriał klosza: PC\n\nMateriał obudowy: Aluminium\n\nWysokość: 85 cm\n\nMoc: 9,5 W","Opis\n\nStyl\n    Nowoczesny\nKolor\n    Metaliczny","Norlys","Lampa ogrodowa ASKER grafit","27355","891","Strona główna","Oświetlenie","Lampy zewnętrzne","Stojące zewnętrzne","Lampa ogrodowa ASKER grafit","https://jasniej.com/74403-large_01resp/lampa-ogrodowa-asker-grafit.jpg","https://jasniej.com/74403-medium_01resp/lampa-ogrodowa-asker-grafit.jpg","https://jasniej.com/74404-medium_01resp/lampa-ogrodowa-asker-grafit.jpg","https://jasniej.com/74405-medium_01resp/lampa-ogrodowa-asker-grafit.jpg","","",""
"Zamawiamy w ciągu 2-21dni","Strumień świetlny: 585 lm\n\nNapięcie Wej.: 230 V\n\nMateriał klosza: PC\n\nMateriał obudowy: Aluminium\n\nWysokość: 85 cm","Opis\n\nStyl\n    Nowoczesny\nKolor\n    Srebrny","Norlys","Lampa ogrodowa ASKER aluminium","27354","891","Strona główna","Oświetlenie","Lampy zewnętrzne","Stojące zewnętrzne","Lampa ogrodowa ASKER aluminium","https://jasniej.com/74399-large_01resp/lampa-ogrodowa-asker-aluminium.jpg","https://jasniej.com/74399-medium_01resp/lampa-ogrodowa-asker-aluminium.jpg","https://jasniej.com/74400-medium_01resp/lampa-ogrodowa-asker-aluminium.jpg","https://jasniej.com/74401-medium_01resp/lampa-ogrodowa-asker-aluminium.jpg","","",""
"Wysyłamy w ciągu 2-21 dni","Strumień świetlny: 308 lm\n\nNapięcie Wej.: 230 V\n\nMateriał: Aluminium, Poliwęglan PC\n\nWysokość: 28 cm\n\nŚrednica: 20 cm","Opis\n\nStyl\n    Nowoczesny\nKolor\n    Czarny","Norlys","Lampa ogrodowa LED STAVANGER","27348","1496.54","Strona główna","Oświetlenie","Lampy zewnętrzne","Stojące zewnętrzne","Lampa ogrodowa LED STAVANGER","https://jasniej.com/74378-large_01resp/lampa-ogrodowa-led-stavanger.jpg","https://jasniej.com/74378-medium_01resp/lampa-ogrodowa-led-stavanger.jpg","https://jasniej.com/74379-medium_01resp/lampa-ogrodowa-led-stavanger.jpg","","","",""
"Wysyłamy w 3- 4 dni","","Opis\n\nSzerokość\n    151\nLight source\n    LED 680 LM\nWysokość\n    800\nBarwa światła\n    3000\nGłębokość\n    151\nKolor\n    Szary","Maytoni","Royal Mile Landscape Lighting Grey LED 680","19201","688","Strona główna","Oświetlenie","Lampy zewnętrzne","Stojące zewnętrzne","Royal Mile Landscape Lighting Grey LED 680","https://jasniej.com/72025-large_01resp/royal-mile-landscape-lighting-grey-led-680-lm.jpg","https://jasniej.com/72025-medium_01resp/royal-mile-landscape-lighting-grey-led-680-lm.jpg","https://jasniej.com/72026-medium_01resp/royal-mile-landscape-lighting-grey-led-680-lm.jpg","","","",""
"Ask","Wymiary:220x95x405cm\n\nMateriał:włókno szklane\n\nLight source:\n\nKolor:biały\n\nWysokość siedzenia:\n\nGłębokość siedzenia:\n\nUwagi:\n\nSzerokość siedzenia:265\n\nDługość:265\n\nSzerokość:120\n\nWysokość:400","Opis\n\nStyl\n    Nowoczesny\nKolor\n    Biały","QeeBoo","Żyrafa lampa zewnętrzna Giraffe in Love 4","19592","150599","Strona główna","Oświetlenie","Lampy zewnętrzne","Stojące zewnętrzne","Żyrafa lampa zewnętrzna Giraffe in Love 4","https://jasniej.com/56188-large_01resp/19001wh.jpg","https://jasniej.com/56188-medium_01resp/19001wh.jpg","https://jasniej.com/57674-medium_01resp/19001wh.jpg","https://jasniej.com/58970-medium_01resp/19001wh.jpg","https://jasniej.com/60247-medium_01resp/19001wh.jpg","https://jasniej.com/60995-medium_01resp/19001wh.jpg","https://jasniej.com/61563-medium_01resp/19001wh.jpg"
"Wysyłamy w 3- 4 dni","","Opis\n\nLight source\n    1 x E27 60W\nŚrednica\n    182\nWysokość\n    405\nKolor\n    Czarny","Maytoni","Rivoli Landscape Lighting Black 1 x E27 60","19196","235","Strona główna","Oświetlenie","Lampy zewnętrzne","Stojące zewnętrzne","Rivoli Landscape Lighting Black 1 x E27 60","https://jasniej.com/72020-large_01resp/rivoli-landscape-lighting-black-1-x-e27-60w.jpg","https://jasniej.com/72020-medium_01resp/rivoli-landscape-lighting-black-1-x-e27-60w.jpg","","","","",""
"Wysyłamy w 3- 4 dni","","Opis\n\nSzerokość\n    151\nLight source\n    LED 330 LM\nWysokość\n    150\nBarwa światła\n    3000\nGłębokość\n    151\nKolor\n    Szary","Maytoni","Royal Mile Landscape Lighting Grey LED 330","19202","425","Strona główna","Oświetlenie","Lampy zewnętrzne","Stojące zewnętrzne","Royal Mile Landscape Lighting Grey LED 330","https://jasniej.com/72027-large_01resp/royal-mile-landscape-lighting-grey-led-330-lm.jpg","https://jasniej.com/72027-medium_01resp/royal-mile-landscape-lighting-grey-led-330-lm.jpg","https://jasniej.com/72028-medium_01resp/royal-mile-landscape-lighting-grey-led-330-lm.jpg","","","",""
"Wysyłamy w 3- 4 dni","","Opis\n\nLight source\n    1 x E27 60W\nŚrednica\n    180\nWysokość\n    1160\nKolor\n    Czarny","Maytoni","Abbey Road Landscape Lighting Black 1 x E2","19198","431","Strona główna","Oświetlenie","Lampy zewnętrzne","Stojące zewnętrzne","Abbey Road Landscape Lighting Black 1 x E2","https://jasniej.com/72022-large_01resp/abbey-road-landscape-lighting-black-1-x-e27-60w.jpg","https://jasniej.com/72022-medium_01resp/abbey-road-landscape-lighting-black-1-x-e27-60w.jpg","","","","",""
"Wysyłamy w 3- 4 dni","","Opis\n\nSzerokość\n    76\nLight source\n    1 x GU10 20W\nWysokość\n    75\nGłębokość\n    160\nKolor\n    Czarny","Maytoni","Scope Landscape Lighting Black 1 x GU10 20","19213","129","Strona główna","Oświetlenie","Lampy zewnętrzne","Stojące zewnętrzne","Scope Landscape Lighting Black 1 x GU10 20","https://jasniej.com/72054-large_01resp/scope-landscape-lighting-black-1-x-gu10-20w.jpg","https://jasniej.com/72054-medium_01resp/scope-landscape-lighting-black-1-x-gu10-20w.jpg","https://jasniej.com/72055-medium_01resp/scope-landscape-lighting-black-1-x-gu10-20w.jpg","","","",""
"10 dni","Producent: Lutec  \nNazwa: ARCTIC  \nSymbol: 7701301012  \nParametry\n\n  * średnica (mm): \n  * wysokość (mm): 120\n  * szerokość (mm): 180\n  * głębokość (mm): 180\n  * ilość źródeł / rodzaj trzonka: 1 x LED zintegr. 12W 650lm 4000K\n  * max moc źródła: 12 W\n  * napięcie: 230\n  * źródło w zestawie: LED zintegr.\n  * kolor lampy: Czarny mat\n  * materiał: aluminium/szkło\n  * IP: 67","Specyficzne kody","Lutec","ARCTIC STOJĄCA","8896","270.6","Strona główna","Oświetlenie","Lampy zewnętrzne","Stojące zewnętrzne","ARCTIC STOJĄCA","https://jasniej.com/19921-large_01resp/arctic-stojaca.jpg","https://jasniej.com/19921-medium_01resp/arctic-stojaca.jpg","https://jasniej.com/19922-medium_01resp/arctic-stojaca.jpg","https://jasniej.com/19923-medium_01resp/arctic-stojaca.jpg","","",""
"10 dni","Producent: Lutec  \nNazwa: DENVER  \nSymbol: 7704801012  \nParametry\n\n  * średnica (mm): \n  * wysokość (mm): 72\n  * szerokość (mm): 140\n  * głębokość (mm): 140\n  * ilość źródeł / rodzaj trzonka: 1 x LED zintegr. 12W 1030lm 4000K\n  * max moc źródła: 12 W\n  * napięcie: 230\n  * źródło w zestawie: LED zintegr.\n  * kolor lampy: Czarny mat\n  * materiał: aluminium/szkło\n  * IP: 67","Specyficzne kody","Lutec","DENVER STOJĄCA","8895","248.46","Strona główna","Oświetlenie","Lampy zewnętrzne","Stojące zewnętrzne","DENVER STOJĄCA","https://jasniej.com/19918-large_01resp/denver-stojaca.jpg","https://jasniej.com/19918-medium_01resp/denver-stojaca.jpg","https://jasniej.com/19919-medium_01resp/denver-stojaca.jpg","https://jasniej.com/19920-medium_01resp/denver-stojaca.jpg","","",""
"Wysyłamy w 3- 4 dni","","Opis\n\nSzerokość\n    180\nLight source\n    LED 520 LM\nWysokość\n    800\nBarwa światła\n    3000\nGłębokość\n    180\nKolor\n    Czarny","Maytoni","Baker Street Landscape Lighting Black LED","19204","856","Strona główna","Oświetlenie","Lampy zewnętrzne","Stojące zewnętrzne","Baker Street Landscape Lighting Black LED","https://jasniej.com/72031-large_01resp/baker-street-landscape-lighting-black-led-520-lm.jpg","https://jasniej.com/72031-medium_01resp/baker-street-landscape-lighting-black-led-520-lm.jpg","https://jasniej.com/72032-medium_01resp/baker-street-landscape-lighting-black-led-520-lm.jpg","","","",""
"10 dni","Producent: Lutec  \nNazwa: CYDOPS  \nSymbol: 7704212012  \nParametry\n\n  * średnica (mm): \n  * wysokość (mm): 51\n  * szerokość (mm): 110\n  * głębokość (mm): 110\n  * ilość źródeł / rodzaj trzonka: 1 x LED zintegr. 8W 580lm 4000K\n  * max moc źródła: 8 W\n  * napięcie: 230\n  * źródło w zestawie: LED zintegr.\n  * kolor lampy: Czarny mat\n  * materiał: aluminium/szkło\n  * IP: 67","Specyficzne kody","Lutec","CYDOPS STOJĄCA","8894","180.81","Strona główna","Oświetlenie","Lampy zewnętrzne","Stojące zewnętrzne","CYDOPS STOJĄCA","https://jasniej.com/19915-large_01resp/cydops-stojaca.jpg","https://jasniej.com/19915-medium_01resp/cydops-stojaca.jpg","https://jasniej.com/19916-medium_01resp/cydops-stojaca.jpg","https://jasniej.com/19917-medium_01resp/cydops-stojaca.jpg","","",""
"10 dni","Producent: Lutec  \nNazwa: STRATA  \nSymbol: 7704601012  \nParametry\n\n  * średnica (mm): \n  * wysokość (mm): 35\n  * szerokość (mm): 120\n  * głębokość (mm): 120\n  * ilość źródeł / rodzaj trzonka: 1 x LED zintegr. 9W 320lm 3000K\n  * max moc źródła: 9 W\n  * napięcie: 230\n  * źródło w zestawie: LED zintegr.\n  * kolor lampy: Czarny mat\n  * materiał: aluminium/szkło\n  * IP: 67","Specyficzne kody","Lutec","STRATA STOJĄCA","8893","91.02","Strona główna","Oświetlenie","Lampy zewnętrzne","Stojące zewnętrzne","STRATA STOJĄCA","https://jasniej.com/19912-large_01resp/strata-stojaca.jpg","https://jasniej.com/19912-medium_01resp/strata-stojaca.jpg","https://jasniej.com/19913-medium_01resp/strata-stojaca.jpg","https://jasniej.com/19914-medium_01resp/strata-stojaca.jpg","","",""
"10 dni","Producent: Lutec  \nNazwa: BERLIN  \nSymbol: 7700511012  \nParametry\n\n  * średnica (mm): \n  * wysokość (mm): 150\n  * szerokość (mm): 110\n  * głębokość (mm): 110\n  * ilość źródeł / rodzaj trzonka: 1 x GU10 35W\n  * max moc źródła: 35 W\n  * napięcie: 230\n  * źródło w zestawie: brak\n  * kolor lampy: Czarny mat\n  * materiał: aluminium/szkło\n  * IP: 67","Specyficzne kody","Lutec","BERLIN STOJĄCA","8892","135.3","Strona główna","Oświetlenie","Lampy zewnętrzne","Stojące zewnętrzne","BERLIN STOJĄCA","https://jasniej.com/19909-large_01resp/berlin-stojaca.jpg","https://jasniej.com/19909-medium_01resp/berlin-stojaca.jpg","https://jasniej.com/19910-medium_01resp/berlin-stojaca.jpg","https://jasniej.com/19911-medium_01resp/berlin-stojaca.jpg","","",""
"10 dni","Producent: Lutec  \nNazwa: PERI  \nSymbol: 7629001341  \nParametry\n\n  * średnica (mm): \n  * wysokość (mm): 100\n  * szerokość (mm): 117\n  * głębokość (mm): 117\n  * ilość źródeł / rodzaj trzonka: 1 x LED zintegr. 36W 3200lm 5000K\n  * max moc źródła: 36 W\n  * napięcie: 230\n  * źródło w zestawie: LED zintegr.\n  * kolor lampy: Żółty\n  * materiał: tworzywo/tworzywo\n  * IP: 44","Specyficzne kody","Lutec","PERI STOJĄCA","8890","451.41","Strona główna","Oświetlenie","Lampy zewnętrzne","Stojące zewnętrzne","PERI STOJĄCA","https://jasniej.com/19903-large_01resp/peri-stojaca.jpg","https://jasniej.com/19903-medium_01resp/peri-stojaca.jpg","https://jasniej.com/19904-medium_01resp/peri-stojaca.jpg","https://jasniej.com/19905-medium_01resp/peri-stojaca.jpg","","",""
"10 dni","Producent: Lutec  \nNazwa: PERI  \nSymbol: 7629002426  \nParametry\n\n  * średnica (mm): \n  * wysokość (mm): 109\n  * szerokość (mm): 140\n  * głębokość (mm): 140\n  * ilość źródeł / rodzaj trzonka: 1 x LED zintegr. 92W 7000lm 5000K\n  * max moc źródła: 92 W\n  * napięcie: 230\n  * źródło w zestawie: LED zintegr.\n  * kolor lampy: Pomarańczowy\n  * materiał: aluminium/tworzywo\n  * IP: 54","Specyficzne kody","Lutec","PERI STOJĄCA","8889","811.8","Strona główna","Oświetlenie","Lampy zewnętrzne","Stojące zewnętrzne","PERI STOJĄCA","https://jasniej.com/19900-large_01resp/peri-stojaca.jpg","https://jasniej.com/19900-medium_01resp/peri-stojaca.jpg","https://jasniej.com/19901-medium_01resp/peri-stojaca.jpg","https://jasniej.com/19902-medium_01resp/peri-stojaca.jpg","","",""
"10 dni","Producent: Lutec  \nNazwa: BERLIN  \nSymbol: 7700513012  \nParametry\n\n  * średnica (mm): \n  * wysokość (mm): 150\n  * szerokość (mm): 110\n  * głębokość (mm): 110\n  * ilość źródeł / rodzaj trzonka: 1 x LED zintegr. 5W 180lm 4000K\n  * max moc źródła: 5 W\n  * napięcie: 230\n  * źródło w zestawie: LED zintegr.\n  * kolor lampy: Czarny mat\n  * materiał: aluminium/szkło\n  * IP: 67","Specyficzne kody","Lutec","BERLIN STOJĄCA","8891","226.32","Strona główna","Oświetlenie","Lampy zewnętrzne","Stojące zewnętrzne","BERLIN STOJĄCA","https://jasniej.com/19906-large_01resp/berlin-stojaca.jpg","https://jasniej.com/19906-medium_01resp/berlin-stojaca.jpg","https://jasniej.com/19907-medium_01resp/berlin-stojaca.jpg","https://jasniej.com/19908-medium_01resp/berlin-stojaca.jpg","","",""
"10 dni","Producent: Lutec  \nNazwa: PERI  \nSymbol: 7629301341  \nParametry\n\n  * średnica (mm): \n  * wysokość (mm): 183\n  * szerokość (mm): 221\n  * głębokość (mm): 352\n  * ilość źródeł / rodzaj trzonka: 2 x LED zintegr. 21W 2000lm 5000K\n  * max moc źródła: 21 W\n  * napięcie: 230\n  * źródło w zestawie: LED zintegr.\n  * kolor lampy: Żółty\n  * materiał: tworzywo/tworzywo\n  * IP: 54","Specyficzne kody","Lutec","PERI STOJĄCA","8888","360.39","Strona główna","Oświetlenie","Lampy zewnętrzne","Stojące zewnętrzne","PERI STOJĄCA","https://jasniej.com/19897-large_01resp/peri-stojaca.jpg","https://jasniej.com/19897-medium_01resp/peri-stojaca.jpg","https://jasniej.com/19898-medium_01resp/peri-stojaca.jpg","https://jasniej.com/19899-medium_01resp/peri-stojaca.jpg","","",""
"10 dni","Producent: Lutec  \nNazwa: MODO  \nSymbol: 7633301118  \nParametry\n\n  * średnica (mm): \n  * wysokość (mm): 310\n  * szerokość (mm): 175\n  * głębokość (mm): 180\n  * ilość źródeł / rodzaj trzonka: 1 x LED zintegr. 21W 1500lm 5000K\n  * max moc źródła: 21 W\n  * napięcie: 230\n  * źródło w zestawie: LED zintegr.\n  * kolor lampy: Antracyt\n  * materiał: aluminium/tworzywo\n  * IP: 54","Specyficzne kody","Lutec","MODO STOJĄCA","8887","167.28","Strona główna","Oświetlenie","Lampy zewnętrzne","Stojące zewnętrzne","MODO STOJĄCA","https://jasniej.com/19894-large_01resp/modo-stojaca.jpg","https://jasniej.com/19894-medium_01resp/modo-stojaca.jpg","https://jasniej.com/19895-medium_01resp/modo-stojaca.jpg","https://jasniej.com/19896-medium_01resp/modo-stojaca.jpg","","",""
"10 dni","Producent: Lutec  \nNazwa: UTIN  \nSymbol: 7629701341  \nParametry\n\n  * średnica (mm): \n  * wysokość (mm): 175\n  * szerokość (mm): 45\n  * głębokość (mm): 172\n  * ilość źródeł / rodzaj trzonka: 1 x LED zintegr. 11W 1040lm 5000K\n  * max moc źródła: 11 W\n  * napięcie: 230\n  * źródło w zestawie: LED zintegr.\n  * kolor lampy: Żółty\n  * materiał: tworzywo/tworzywo\n  * IP: 54","Specyficzne kody","Lutec","UTIN STOJĄCA","8886","114.39","Strona główna","Oświetlenie","Lampy zewnętrzne","Stojące zewnętrzne","UTIN STOJĄCA","https://jasniej.com/19891-large_01resp/utin-stojaca.jpg","https://jasniej.com/19891-medium_01resp/utin-stojaca.jpg","https://jasniej.com/19892-medium_01resp/utin-stojaca.jpg","https://jasniej.com/19893-medium_01resp/utin-stojaca.jpg","","",""
"10 dni","Producent: Lutec  \nNazwa: KELSEY  \nSymbol: 7273601012  \nParametry\n\n  * średnica (mm): \n  * wysokość (mm): 103\n  * szerokość (mm): 150\n  * głębokość (mm): 170\n  * ilość źródeł / rodzaj trzonka: 1 x E27 40W\n  * max moc źródła: 40 W\n  * napięcie: 230\n  * źródło w zestawie: brak\n  * kolor lampy: Czarny mat\n  * materiał: aluminium/szkło\n  * IP: 44","Specyficzne kody","Lutec","KELSEY STOJĄCA","8819","270.6","Strona główna","Oświetlenie","Lampy zewnętrzne","Stojące zewnętrzne","KELSEY STOJĄCA","https://jasniej.com/19690-large_01resp/kelsey-stojaca.jpg","https://jasniej.com/19690-medium_01resp/kelsey-stojaca.jpg","https://jasniej.com/19691-medium_01resp/kelsey-stojaca.jpg","https://jasniej.com/19692-medium_01resp/kelsey-stojaca.jpg","","",""
"10 dni","Producent: Lutec  \nNazwa: KELSEY  \nSymbol: 7273602012  \nParametry\n\n  * średnica (mm): \n  * wysokość (mm): 400\n  * szerokość (mm): 150\n  * głębokość (mm): 170\n  * ilość źródeł / rodzaj trzonka: 1 x E27 40W\n  * max moc źródła: 40 W\n  * napięcie: 230\n  * źródło w zestawie: brak\n  * kolor lampy: Czarny mat\n  * materiał: aluminium/szkło\n  * IP: 44","Specyficzne kody","Lutec","KELSEY STOJĄCA","8820","180.81","Strona główna","Oświetlenie","Lampy zewnętrzne","Stojące zewnętrzne","KELSEY STOJĄCA","https://jasniej.com/19693-large_01resp/kelsey-stojaca.jpg","https://jasniej.com/19693-medium_01resp/kelsey-stojaca.jpg","https://jasniej.com/19694-medium_01resp/kelsey-stojaca.jpg","https://jasniej.com/19695-medium_01resp/kelsey-stojaca.jpg","","",""
"10 dni","Producent: Lutec  \nNazwa: UNITE  \nSymbol: 7260401030  \nParametry\n\n  * średnica (mm): \n  * wysokość (mm): 346\n  * szerokość (mm): 165\n  * głębokość (mm): 165\n  * ilość źródeł / rodzaj trzonka: 1 x LED zintegr. 9W 330lm 3000K\n  * max moc źródła: 9 W\n  * napięcie: 230\n  * źródło w zestawie: LED zintegr.\n  * kolor lampy: Biały mat\n  * materiał: aluminium/tworzywo\n  * IP: 44","Specyficzne kody","Lutec","UNITE STOJĄCA","8812","123","Strona główna","Oświetlenie","Lampy zewnętrzne","Stojące zewnętrzne","UNITE STOJĄCA","https://jasniej.com/19669-large_01resp/unite-stojaca.jpg","https://jasniej.com/19669-medium_01resp/unite-stojaca.jpg","https://jasniej.com/19670-medium_01resp/unite-stojaca.jpg","https://jasniej.com/19671-medium_01resp/unite-stojaca.jpg","","",""
"10 dni","Producent: Lutec  \nNazwa: UNITE  \nSymbol: 7260311030  \nParametry\n\n  * średnica (mm): \n  * wysokość (mm): 985\n  * szerokość (mm): 165\n  * głębokość (mm): 165\n  * ilość źródeł / rodzaj trzonka: 1 x LED zintegr. 9W 330lm 3000K\n  * max moc źródła: 9 W\n  * napięcie: 230\n  * źródło w zestawie: LED zintegr.\n  * kolor lampy: Biały mat\n  * materiał: aluminium/tworzywo\n  * IP: 44","Specyficzne kody","Lutec","UNITE STOJĄCA","8810","211.56","Strona główna","Oświetlenie","Lampy zewnętrzne","Stojące zewnętrzne","UNITE STOJĄCA","https://jasniej.com/19663-large_01resp/unite-stojaca.jpg","https://jasniej.com/19663-medium_01resp/unite-stojaca.jpg","https://jasniej.com/19664-medium_01resp/unite-stojaca.jpg","https://jasniej.com/19665-medium_01resp/unite-stojaca.jpg","","",""
"10 dni","Producent: Lutec  \nNazwa: UNITE  \nSymbol: 7260401012  \nParametry\n\n  * średnica (mm): \n  * wysokość (mm): 346\n  * szerokość (mm): 165\n  * głębokość (mm): 165\n  * ilość źródeł / rodzaj trzonka: 1 x LED zintegr. 9W 330lm 3000K\n  * max moc źródła: 9 W\n  * napięcie: 230\n  * źródło w zestawie: LED zintegr.\n  * kolor lampy: Czarny mat\n  * materiał: aluminium/tworzywo\n  * IP: 44","Specyficzne kody","Lutec","UNITE STOJĄCA","8813","123","Strona główna","Oświetlenie","Lampy zewnętrzne","Stojące zewnętrzne","UNITE STOJĄCA","https://jasniej.com/19672-large_01resp/unite-stojaca.jpg","https://jasniej.com/19672-medium_01resp/unite-stojaca.jpg","https://jasniej.com/19673-medium_01resp/unite-stojaca.jpg","https://jasniej.com/19674-medium_01resp/unite-stojaca.jpg","","",""
"10 dni","Producent: Lutec  \nNazwa: UNITE  \nSymbol: 7260311012  \nParametry\n\n  * średnica (mm): \n  * wysokość (mm): 985\n  * szerokość (mm): 165\n  * głębokość (mm): 165\n  * ilość źródeł / rodzaj trzonka: 1 x LED zintegr. 9W 330lm 3000K\n  * max moc źródła: 9 W\n  * napięcie: 230\n  * źródło w zestawie: LED zintegr.\n  * kolor lampy: Czarny mat\n  * materiał: aluminium/tworzywo\n  * IP: 44","Specyficzne kody","Lutec","UNITE STOJĄCA","8811","211.56","Strona główna","Oświetlenie","Lampy zewnętrzne","Stojące zewnętrzne","UNITE STOJĄCA","https://jasniej.com/19666-large_01resp/unite-stojaca.jpg","https://jasniej.com/19666-medium_01resp/unite-stojaca.jpg","https://jasniej.com/19667-medium_01resp/unite-stojaca.jpg","https://jasniej.com/19668-medium_01resp/unite-stojaca.jpg","","",""
"10 dni","Producent: Lutec  \nNazwa: FOCUS  \nSymbol: 7204803118  \nParametry\n\n  * średnica (mm): \n  * wysokość (mm): 400\n  * szerokość (mm): 160\n  * głębokość (mm): 160\n  * ilość źródeł / rodzaj trzonka: 1 x GU10 35W\n  * max moc źródła: 35 W\n  * napięcie: 230\n  * źródło w zestawie: brak\n  * kolor lampy: Antracyt\n  * materiał: aluminium/tworzywo\n  * IP: 44","Specyficzne kody","Lutec","FOCUS STOJĄCA","8787","270.6","Strona główna","Oświetlenie","Lampy zewnętrzne","Stojące zewnętrzne","FOCUS STOJĄCA","https://jasniej.com/19594-large_01resp/focus-stojaca.jpg","https://jasniej.com/19594-medium_01resp/focus-stojaca.jpg","https://jasniej.com/19595-medium_01resp/focus-stojaca.jpg","https://jasniej.com/19596-medium_01resp/focus-stojaca.jpg","","",""
"10 dni","Producent: Lutec  \nNazwa: VIRGO  \nSymbol: 7008201001  \nParametry\n\n  * średnica (mm): \n  * wysokość (mm): 750\n  * szerokość (mm): 130\n  * głębokość (mm): 130\n  * ilość źródeł / rodzaj trzonka: 1 x LED zintegr. 4W 350lm 3000K\n  * max moc źródła: 4 W\n  * napięcie: 230\n  * źródło w zestawie: LED zintegr.\n  * kolor lampy: Stalowy\n  * materiał: stal nierdzewna/tworzywo\n  * IP: 44","Specyficzne kody","Lutec","VIRGO STOJĄCA","8774","150.06","Strona główna","Oświetlenie","Lampy zewnętrzne","Stojące zewnętrzne","VIRGO STOJĄCA","https://jasniej.com/19555-large_01resp/virgo-stojaca.jpg","https://jasniej.com/19555-medium_01resp/virgo-stojaca.jpg","https://jasniej.com/19556-medium_01resp/virgo-stojaca.jpg","https://jasniej.com/19557-medium_01resp/virgo-stojaca.jpg","","",""
"10 dni","Producent: Lutec  \nNazwa: BATI  \nSymbol: 7188601125  \nParametry\n\n  * średnica (mm): \n  * wysokość (mm): 650\n  * szerokość (mm): 82\n  * głębokość (mm): 82\n  * ilość źródeł / rodzaj trzonka: 1 x LED zintegr. 14W 1100lm 4000K\n  * max moc źródła: 14 W\n  * napięcie: 230\n  * źródło w zestawie: LED zintegr.\n  * kolor lampy: Szary węgiel drzewny\n  * materiał: aluminium/tworzywo\n  * IP: 44","Specyficzne kody","Lutec","BATI STOJĄCA","8744","270.6","Strona główna","Oświetlenie","Lampy zewnętrzne","Stojące zewnętrzne","BATI STOJĄCA","https://jasniej.com/19465-large_01resp/bati-stojaca.jpg","https://jasniej.com/19465-medium_01resp/bati-stojaca.jpg","https://jasniej.com/19466-medium_01resp/bati-stojaca.jpg","https://jasniej.com/19467-medium_01resp/bati-stojaca.jpg","","",""
"10 dni","Producent: Lutec  \nNazwa: SPICA  \nSymbol: 7271004118  \nParametry\n\n  * średnica (mm): \n  * wysokość (mm): 100\n  * szerokość (mm): 120\n  * głębokość (mm): 120\n  * ilość źródeł / rodzaj trzonka: 1 x LED zintegr. 16W 1000lm 27006500K\n  * max moc źródła: 16 W\n  * napięcie: 230\n  * źródło w zestawie: LED zintegr.\n  * kolor lampy: Antracyt\n  * materiał: aluminium/tworzywo\n  * IP: 65","Specyficzne kody","Lutec","SPICA STOJĄCA","8745","586.71","Strona główna","Oświetlenie","Lampy zewnętrzne","Stojące zewnętrzne","SPICA STOJĄCA","https://jasniej.com/19468-large_01resp/spica-stojaca.jpg","https://jasniej.com/19468-medium_01resp/spica-stojaca.jpg","https://jasniej.com/19469-medium_01resp/spica-stojaca.jpg","https://jasniej.com/19470-medium_01resp/spica-stojaca.jpg","","",""
"10 dni","Producent: Lutec  \nNazwa: FLAT  \nSymbol: 7005201001  \nParametry\n\n  * średnica (mm): \n  * wysokość (mm): 450\n  * szerokość (mm): 50\n  * głębokość (mm): 100\n  * ilość źródeł / rodzaj trzonka: 1 x LED zintegr. 8W 400lm 3000K\n  * max moc źródła: 8 W\n  * napięcie: 230\n  * źródło w zestawie: LED zintegr.\n  * kolor lampy: Stalowy\n  * materiał: stal nierdzewna/tworzywo\n  * IP: 44","Specyficzne kody","Lutec","FLAT STOJĄCA","8733","226.32","Strona główna","Oświetlenie","Lampy zewnętrzne","Stojące zewnętrzne","FLAT STOJĄCA","https://jasniej.com/19432-large_01resp/flat-stojaca.jpg","https://jasniej.com/19432-medium_01resp/flat-stojaca.jpg","https://jasniej.com/19433-medium_01resp/flat-stojaca.jpg","https://jasniej.com/19434-medium_01resp/flat-stojaca.jpg","","",""
"10 dni","Producent: Lutec  \nNazwa: ARMOR  \nSymbol: 7216702118  \nParametry\n\n  * średnica (mm): \n  * wysokość (mm): 600\n  * szerokość (mm): 150\n  * głębokość (mm): 150\n  * ilość źródeł / rodzaj trzonka: 1 x LED zintegr. 9W 650lm 3000K\n  * max moc źródła: 9 W\n  * napięcie: 230\n  * źródło w zestawie: LED zintegr.\n  * kolor lampy: Antracyt\n  * materiał: aluminium/tworzywo\n  * IP: 54","Specyficzne kody","Lutec","ARMOR STOJĄCA","8731","360.39","Strona główna","Oświetlenie","Lampy zewnętrzne","Stojące zewnętrzne","ARMOR STOJĄCA","https://jasniej.com/19426-large_01resp/armor-stojaca.jpg","https://jasniej.com/19426-medium_01resp/armor-stojaca.jpg","https://jasniej.com/19427-medium_01resp/armor-stojaca.jpg","https://jasniej.com/19428-medium_01resp/armor-stojaca.jpg","","",""
